old_commit,new_commit
c534b7478aa1a6b3640a4a74e6a35124f142133c,7727606ea130887a52f6dbb3c489806ec3f5678e
4b73904059707832f66d96aa5eab8448a14eea10,55707b2dbb90dc3090985438a319011d4bb83eb5
84fb66f7622a5a2c6479c6f6b26c404f6f71d752,e5cdbbcfc5acbfefdabd6adfd045d79f8f165d1a
217e4a7a26dc71a7467f538bf9740d0ab78c2b84,a338a39c8265eefb2f4487564ac59bbdb247d4a8
6358bd94394cc81bfd45963dc7302841c3fd1fda,edd408841125f18b6a62aff5202b6cc4b7d52649
43cf2b0453a559a4841a05de73413211d9200e3e,af841a8e79078e184ee5ba84d974c748a65aacc0
467ae1ae94eeb00a3b3877601ee2e771ea5e175e,acacfb5bf1c9355d75dd0a96007c113647a0abc5
0aa972550cd14725138f6093e0c2b2d6a5e34f75,d12a7354c0190c3ec42865b5cf276ee2641da8c0
99c2d6f05bbaca0041d48236ada0269de55d65ef,fa633b7d31fd3c1609c9697bc19cbd2b0f0e3d1f
43ce84595425fecf3cebc89c47f48efbd9b30bd6,2829e90a7206fd9471703e32f3f92502d587567c
430acd6d0f4140a6588e9828651f17e19a9c5cdb,86c5d4ca10ec7b9e8d5ac10f3d8e65c501f2f6f2
e3c01174a6841aef1bc07c323857465deaae217c,44ed5dba568b91c2129faa21cc78a602d6d0e805
1b4ccf3863b27cfb8c6f7828d9f0334ec403c382,d0be2beb1fb25d5467e59a6e9e74316ef3859676
31f0498bdd5700159d2e79e00f0653a1b1e2ebaa,4482eff107edd5269bcf7df119e4759d41e8c9f1
9c1f7888b2750edeb8ec843be81fbf18f8f5b95b,6e89efb67363bb44db1082417f07743c0008bf92
835777079120b21703b2c99c6773ef70f4cd3e62,ef4497bf19f4f6eeaeb370289455bd2a1ce62a43
bf67cf3fc81d7bbb9da64b2c80ee2a48fae88066,349d7b08a43b556526261aa503ceebcb58733bd3
f7e99dca82a7ccace63344793e9e52c2ed59037b,5b2fc7577dbe6f720cd4a674c0461c367b12a190
c17a8882c98f0330fa75ed014db97293a238b873,30693767e1ad4e5474b94d840f58f49ac919bbde
ad882aa62674a461411f0101af8885363be48d82,849f56ce8c97cfbd63bb2077c8f53b03e998bff3
f62d15cc503235578d31b87217e2339ee09c9aab,f7fc48962d6716a4d0977ae4f58606f687331668
956b3524898a9f8874e38504e794b51db6ef27d0,1c586392b9f3bc6588a0ca9f3ea53a4f5b94f8d1
4b76b5712512ba1cec96457470144513795a9746,08e689503e716f9981d43f4cd7c954a063600d18
f24a910442ce74b78cff4233aa44119f9bab549b,7054145e12f65e87ea5da82b61ee76cea42d4e76
579aaf3649306b61ddcd81ff16938c86b622d908,2a722abb240f92c5956fab7a7f3961d177ba2fe6
3eb7902e51727adb7c75813f47e2517540499f56,7f9543f0d67083be0fe9d3b9834bed904536d17b
de42418e6adf3bc0110f0590f85eab0949f3d8ea,8d6584dd9cbd624c3bcb4f46bf7c2dfed0441723
3cd8893bf2e504eec303d6109712c4e784cc1912,e238c2d427dc3cad7c8103e78c3cad2d6f4429ec
329b7168799396b06257e999b73a1ed2f29a5e42,890057452433c622910fec76755a903f2129c019
53e56ba190c648a0b92adae8731cb1a5c4af6119,a70dd485edb5c36a66f9d00879388f492cbcd37d
abeea58a75c71a95f4337985369a15fad609c200,4dc5c609134274c1bfb7d872f666fa073eff8188
9455913b00d90422a8f4a4b57d4f7b195f2c9dc8,3adbffa4ea4c59561e8d61009fc83aa987346bef
b87fa869cbf7a1e1c804d9673ac5ec0c3f8a1d7e,bd89b179ba602dcf9b24ba6ecf6cbc3c2467f3ba
8adef15c56ba469b3f107e50a3449bc2a16f6324,a98337dd62976b122d67f7aa79f0f250a8feb35c
52c91f0a30e3708b3d64d1e4907b197f6c9ca29e,ceb2d446d16003b63e7fa5e96d232dca588af3cb
09fb77b27d211b30482f0af4e683afa7b2b5cf6b,ad963894eb9235aedfb683bde72817acbd82c5c8
f2d88e81ee9060b301efc6b69af01dfbc9dcf671,31f81db787fdc15f16e92cef19da609fb2857880
1755460a1e957a58552bc34fdc3634cde5b5ee61,9cfd0d0a349a67d96c550daad306dbb71b25de57
0e5dc9d9a82acecd816f5120f99a55f593113d0e,dccbf926f179f3e1487950f946274ade357dfcf0
5e7e44940fe4a4d5bc3e3e0d782c01fe2bad949d,7dc40a285c7a04edce691da0ef460cc142438813
b5298d609f52bf5b938bc19777733af843b6e22c,9cc3a062ba57abbb7882817d31aa20f7196f9e3a
6868a776df3e3b86cb92a9ceba8d1b3e0495c237,06faef5d8b48af592224e00ebd7b000ed86a114e
a243d295298c6bc5a0491aeff1771dbf1ef4cdab,35da779ab5ab1cd61f496cfd3db16c4b611b4c85
f7aad92a73f24a755c9fa5ba6dc461f2d27ebf46,9053c9282a56aea56381194619d96dcd7ef2f3d9
f38378a2bd8786c4618dc0123231f97bb8d7b8b5,4da69971805fedad191700894b0d7b162889a73d
0b50c3e803ab2c46c368c0a49a119e43f253d270,ba67b7d7caf340a5ead152bd9275d5823905a76a
f36d292fa4cff7a347a64e5f5a5c30690f920381,a83608116e5318ea6b283632adaeb2e8f9fd15d6
0e49e828185527fe64d5962d168a895dd7d64eee,6ca60aa9747d9a24f172730c0d629f528a9d8010
e2b2739768f02f8e0c12b3b260aaf435c567cd3f,dd3783d35bc2fc74ad0050bf13f3dc59cd1dab30
f318326b948c3727b61d1f2071de87ec74273048,76842fd8914581920069709a626651b7d028dad0
1e3bb0a55b241b30e54e0b6adb00f2716b1962b0,851daa2a60d1f692ab5ed0f18db909609297baa9
4b4f37558032480643d1f68dea387ab50f1e8e84,5e5f1d6c73f4380ca9bdc4e78a8c313a4a89f48b
3b12068d33d1adae33508e8af613f10916739caf,f1c8810b3e71c9299e3807811f3b85d5cc8ab4c4
d9ca1175592e6dac02fef2e531de6209a0e5b252,2cf402c1a2b108d64b1a18e7cf89790983946aff
c1d48b85a7731ce9ead8d74dd64226e3e1797e65,cb763f17bcaba22a6eb51face51a9829325ac8fc
8f410e5912a2c7be112900b6a7d0acd39d6cfaa4,0b70afe5ee6ee89dd84743056c96494f5a308869
31504f0a23ab614c85bda648a79eddc2aa9a1e0c,57445ed138673121639bc9f94b5f32d5a762490d
c9016d78f53e7c392565178a12416196d94fcd7f,2c503ad752eaaaf1a4f0aed0c18700df45aeb351
c5e476c9ee6c9781125622d7b78f66e5d3d55f20,e386ba66ef8561e7910346caa9be682af119fcd0
28bb9f9a4fb632a65a306648eaa08a5782533869,303bcf11c345f40141ba98ad970b1d5dfde389a5
3c1bf8df86475b12414a88343a021580ce293892,fc53d6e986fcb10dece7387ae6cb125ca09d7c0a
ab370daa47aab780fc2e0778de6971642ce296c8,d521b75210d2d86a4a65f5718331b496ea220729
1f951f1a5d69e7e2ba20b9ead89e7b76c2e7f26c,3cd9ea9f5c924caf61232de0d44285c13d08cd61
5735ef53384605e35610fc7482056626153529d3,c2af4a90d6d8f0531777973229b024ec184532a4
c17ba3be38bb2456fc1beba9acf5cce1439bf269,793f975eec3aa5875b084f6f778f73c903498b44
2e82906a1549470e6694f223fd7c6a3fd2f03559,a106ba712317ea86f5d3a675aa13639c73b7dd66
ca20848b295dd35d1ebe5f607dd2d210a6fd0021,7bf9aef9fd05af700b1a21db19a253088186fe5c
9ccc49c90e35a1ecec9b066e78cba8d4d693bea6,48bfd38ca4afc6f4f0ed83db4446e0dfef9f7b35
05a24318281a47067a70ce6d72ad1c92d8f899ec,b821ee6e8305d8a00dc49fefd846170f5632f66d
fa4beb78e65da75708f3c3e82897303faa32fea4,91da3e00c7da37cb5765ed048d9c048bdada0ff3
1e22d54cf8abdf96c61f2eace92e8d512716fea5,f13334f6237d1ab88f39fd7a1cf05b8f45c43f74
78e73de30eb29fafc26c277e18fc9acc5a6a66c8,7d8a23a1cd09da4c385962e0dfd50f4d41fad35e
6ae3be2b5a7e9d8eeb516300a6e106b974e674bc,ec80b15f644ce6200951af70879eecc436c01040
cde60f9ad5b47f867a4e9a605c549ced33d15554,0bc336cb5e152a8e95f2277a17b77d15e6edaf0a
b018a7375c6020f7d1e8a0a0a00320106869b71f,9d0d647cbab779c9db53808c4e5928b1c8b890ca
d920b2cc5aa0e85e066006025a9fb0c6ce3e08b3,7c3db58baea1895a4eda1105f32ad3c9ad15689d
