path,kind,source,region,product,start_date,days,sha256,bytes,provider_received_at,first_imported_at,source_status,received_at,sidecar_sha256,rows
firms/jamnagar-VIIRS_NOAA20_NRT-2026-07-01-5.csv,FIRMS_CSV,NASA_FIRMS,jamnagar,VIIRS_NOAA20_NRT,2026-07-01,5,38c2819acd84ecff7ca116193f5cc113f5b190a6cf49946ed190a9193ab02188,703,2026-09-26T23:11:40Z,2026-09-26T23:14:30.587473+00:00,SUCCEEDED,,,
firms/jamnagar-VIIRS_NOAA20_NRT-2026-07-06-5.csv,FIRMS_CSV,NASA_FIRMS,jamnagar,VIIRS_NOAA20_NRT,2026-07-06,5,b22c33faf98331634d3b1971c49d67a530e3baa052838cbb3ffb818ce0339d52,1121,2026-09-26T23:11:42Z,2026-09-26T23:14:31.184450+00:00,SUCCEEDED,,,
firms/jamnagar-VIIRS_NOAA20_NRT-2026-07-11-5.csv,FIRMS_CSV,NASA_FIRMS,jamnagar,VIIRS_NOAA20_NRT,2026-07-11,5,c3bb8a26ca37ebcc4332e472d3acec92cdd59940afa785cb9309f8948c65bd79,371,2026-09-26T23:11:45Z,2026-09-26T23:14:31.771257+00:00,SUCCEEDED,,,
firms/jamnagar-VIIRS_NOAA20_NRT-2026-07-16-5.csv,FIRMS_CSV,NASA_FIRMS,jamnagar,VIIRS_NOAA20_NRT,2026-07-16,5,ff67f26dfe4d89d17c9e984b3cda09476f5036dbc77f55a3f0cfc6d7db9a0cf4,536,2026-09-26T23:11:49Z,2026-09-26T23:14:32.354478+00:00,SUCCEEDED,,,
firms/jamnagar-VIIRS_NOAA20_NRT-2026-07-21-5.csv,FIRMS_CSV,NASA_FIRMS,jamnagar,VIIRS_NOAA20_NRT,2026-07-21,5,2b11a44667d05367ecf77651b95fd3d34c545c7ec154856094b91245e41ae697,122,2026-09-27T09:47:40Z,2026-09-26T23:14:32.926144+00:00,SUCCEEDED,,,
firms/jamnagar-VIIRS_NOAA20_NRT-2026-07-26-5.csv,FIRMS_CSV,NASA_FIRMS,jamnagar,VIIRS_NOAA20_NRT,2026-07-26,5,2b11a44667d05367ecf77651b95fd3d34c545c7ec154856094b91245e41ae697,122,2026-09-27T09:47:40Z,2026-09-26T23:14:33.491665+00:00,SUCCEEDED,,,
firms/jamnagar-VIIRS_NOAA20_NRT-2026-07-31-5.csv,FIRMS_CSV,NASA_FIRMS,jamnagar,VIIRS_NOAA20_NRT,2026-07-31,5,6b93c9d4caf9eea118a76066ab76a8cdfaba605203e87e972ebbcc3f52662c8e,457,2026-09-26T23:11:57Z,2026-09-26T23:14:34.081689+00:00,SUCCEEDED,,,
firms/jamnagar-VIIRS_NOAA20_NRT-2026-08-05-5.csv,FIRMS_CSV,NASA_FIRMS,jamnagar,VIIRS_NOAA20_NRT,2026-08-05,5,229c8b9f3598c4f5ec6b4880d909e08affddba599e7ba1c09f36290241dadddc,703,2026-09-26T23:12:00Z,2026-09-26T23:14:34.691741+00:00,SUCCEEDED,,,
firms/jamnagar-VIIRS_NOAA20_NRT-2026-08-10-5.csv,FIRMS_CSV,NASA_FIRMS,jamnagar,VIIRS_NOAA20_NRT,2026-08-10,5,1f26dc31ef8504d0fd6ffe1ee90a22ca1b7b19076f4764c93a830aab8a425701,205,2026-09-26T23:12:03Z,2026-09-26T23:14:35.272759+00:00,SUCCEEDED,,,
firms/jamnagar-VIIRS_NOAA20_NRT-2026-08-15-5.csv,FIRMS_CSV,NASA_FIRMS,jamnagar,VIIRS_NOAA20_NRT,2026-08-15,5,2b11a44667d05367ecf77651b95fd3d34c545c7ec154856094b91245e41ae697,122,2026-09-27T09:47:40Z,2026-09-26T23:14:35.862826+00:00,SUCCEEDED,,,
firms/jamnagar-VIIRS_NOAA20_NRT-2026-08-20-5.csv,FIRMS_CSV,NASA_FIRMS,jamnagar,VIIRS_NOAA20_NRT,2026-08-20,5,c43e2a1b743861ba491cb6765eb2aee3aebf6625812bda4bde8c01bee5159b93,371,2026-09-26T23:12:09Z,2026-09-26T23:14:36.431949+00:00,SUCCEEDED,,,
firms/jamnagar-VIIRS_NOAA20_NRT-2026-08-25-5.csv,FIRMS_CSV,NASA_FIRMS,jamnagar,VIIRS_NOAA20_NRT,2026-08-25,5,b464e4436e9d0ab7c8ea5eff8e949cbf4b7282917aa803bfd3760afdec2121bb,950,2026-09-26T23:12:12Z,2026-09-26T23:14:37.039232+00:00,SUCCEEDED,,,
firms/jamnagar-VIIRS_NOAA20_NRT-2026-08-30-5.csv,FIRMS_CSV,NASA_FIRMS,jamnagar,VIIRS_NOAA20_NRT,2026-08-30,5,b33918afd819ba440783bb0fb711c8a1e580c9429459ea0ed5178babf0bff1b5,287,2026-09-26T23:12:14Z,2026-09-26T23:14:37.638235+00:00,SUCCEEDED,,,
firms/jamnagar-VIIRS_NOAA20_NRT-2026-09-04-5.csv,FIRMS_CSV,NASA_FIRMS,jamnagar,VIIRS_NOAA20_NRT,2026-09-04,5,88f227b6027e61cf107c207512241d3f583b2169715a8649b19bd2cfbaad255c,697,2026-09-26T23:12:17Z,2026-09-26T23:14:38.244845+00:00,SUCCEEDED,,,
firms/jamnagar-VIIRS_NOAA20_NRT-2026-09-09-5.csv,FIRMS_CSV,NASA_FIRMS,jamnagar,VIIRS_NOAA20_NRT,2026-09-09,5,05c9b1c6712c07dba9fe064ced2acb0061bcd0b15319a1a909a6401bd8da992a,1612,2026-09-26T23:12:20Z,2026-09-26T23:14:38.906629+00:00,SUCCEEDED,,,
firms/jamnagar-VIIRS_NOAA20_NRT-2026-09-14-5.csv,FIRMS_CSV,NASA_FIRMS,jamnagar,VIIRS_NOAA20_NRT,2026-09-14,5,e016acbeff982b60c7564752d3d3d9477871bce3ee081e38025a506728e4a718,536,2026-09-26T23:12:22Z,2026-09-26T23:14:39.512278+00:00,SUCCEEDED,,,
firms/jamnagar-VIIRS_NOAA20_NRT-2026-09-19-3.csv,FIRMS_CSV,NASA_FIRMS,jamnagar,VIIRS_NOAA20_NRT,2026-09-19,3,eba3f1da562689f47db4b98d4ce5aa0882bd07d7a5f695a098ebc4e9b90a0b5d,1123,2026-09-26T23:12:24Z,2026-09-26T23:14:40.080697+00:00,SUCCEEDED,,,
firms/jamnagar-VIIRS_NOAA20_NRT-2026-09-22-5.csv,FIRMS_CSV,NASA_FIRMS,jamnagar,VIIRS_NOAA20_NRT,2026-09-22,5,d2185a5fc74871782f4dc9feca73932f6d288d925b5f285514c425fadd73870d,955,,2026-09-26T22:46:16.146165+00:00,SUCCEEDED,,,
firms/jamnagar-VIIRS_NOAA20_SP-2025-12-30-5.csv,FIRMS_CSV,NASA_FIRMS,jamnagar,VIIRS_NOAA20_SP,2025-12-30,5,474a28ba2a3c91961cf34505a8e493bf10017371520b98a374a214e0a239e1a0,2602,2026-09-27T18:09:05Z,2026-09-27T18:23:03.243629+00:00,SUCCEEDED,,,
firms/jamnagar-VIIRS_NOAA20_SP-2026-01-04-5.csv,FIRMS_CSV,NASA_FIRMS,jamnagar,VIIRS_NOAA20_SP,2026-01-04,5,5b89d5f032283551d1c1b5475164d3f70969fa89ce7e98c19ee9903d2bba4c22,4605,2026-09-27T18:09:14Z,2026-09-27T18:23:03.345442+00:00,SUCCEEDED,,,
firms/jamnagar-VIIRS_NOAA20_SP-2026-01-09-5.csv,FIRMS_CSV,NASA_FIRMS,jamnagar,VIIRS_NOAA20_SP,2026-01-09,5,369a297f2cacde5a9959738e3788514b4cf20fc73cf79e8c853fdf5b8416e395,4042,2026-09-27T18:09:17Z,2026-09-27T18:23:03.473665+00:00,SUCCEEDED,,,
firms/jamnagar-VIIRS_NOAA20_SP-2026-01-14-5.csv,FIRMS_CSV,NASA_FIRMS,jamnagar,VIIRS_NOAA20_SP,2026-01-14,5,850f004bfc903334978b9c174c28b587f5df428208e11e470d6a67a105ae5eea,2441,2026-09-27T18:09:20Z,2026-09-27T18:23:03.592788+00:00,SUCCEEDED,,,
firms/jamnagar-VIIRS_NOAA20_SP-2026-01-19-5.csv,FIRMS_CSV,NASA_FIRMS,jamnagar,VIIRS_NOAA20_SP,2026-01-19,5,9a2c54af8e03b6e05e9ec3206d04f656f3745633db501c0ff14fd806d266859c,2773,2026-09-27T18:09:28Z,2026-09-27T18:23:03.694323+00:00,SUCCEEDED,,,
firms/jamnagar-VIIRS_NOAA20_SP-2026-01-24-5.csv,FIRMS_CSV,NASA_FIRMS,jamnagar,VIIRS_NOAA20_SP,2026-01-24,5,f337d254325baeeda264b4a77c010e1dbcb9bb52b69f317f443ecaa3ce7cfef5,2447,2026-09-27T18:09:31Z,2026-09-27T18:23:03.785247+00:00,SUCCEEDED,,,
firms/jamnagar-VIIRS_NOAA20_SP-2026-01-29-5.csv,FIRMS_CSV,NASA_FIRMS,jamnagar,VIIRS_NOAA20_SP,2026-01-29,5,f5219ffc4a1f3ba402a5c58bb55f707ce092e18f3f20496b1fcf8bb09cda68e3,2929,2026-09-27T18:09:34Z,2026-09-27T18:23:03.905472+00:00,SUCCEEDED,,,
firms/jamnagar-VIIRS_NOAA20_SP-2026-02-03-5.csv,FIRMS_CSV,NASA_FIRMS,jamnagar,VIIRS_NOAA20_SP,2026-02-03,5,2d1eb2a402eb7bc093776225beef1615e06cbf33e55954e0996d8ee53c271154,3239,2026-09-27T18:09:36Z,2026-09-27T18:23:04.026048+00:00,SUCCEEDED,,,
firms/jamnagar-VIIRS_NOAA20_SP-2026-02-08-5.csv,FIRMS_CSV,NASA_FIRMS,jamnagar,VIIRS_NOAA20_SP,2026-02-08,5,6e95ebd4c5bf0814edc0a275f471668a5f45bdcf7c580712e15050cc884a8230,3264,2026-09-27T18:09:40Z,2026-09-27T18:23:04.146541+00:00,SUCCEEDED,,,
firms/jamnagar-VIIRS_NOAA20_SP-2026-02-13-5.csv,FIRMS_CSV,NASA_FIRMS,jamnagar,VIIRS_NOAA20_SP,2026-02-13,5,3ce112ee3a9ad3c8389bc1eee4d97aab2e96aac6d1f5649d51923dc5eb280e9e,2853,2026-09-27T18:09:43Z,2026-09-27T18:23:04.247925+00:00,SUCCEEDED,,,
firms/jamnagar-VIIRS_NOAA20_SP-2026-02-18-5.csv,FIRMS_CSV,NASA_FIRMS,jamnagar,VIIRS_NOAA20_SP,2026-02-18,5,666e994a32611a6660c33f8f91c6891aeff7ae83b2525fd70be6081e8f7cd72b,2679,2026-09-27T18:09:46Z,2026-09-27T18:23:04.338620+00:00,SUCCEEDED,,,
firms/jamnagar-VIIRS_NOAA20_SP-2026-02-23-5.csv,FIRMS_CSV,NASA_FIRMS,jamnagar,VIIRS_NOAA20_SP,2026-02-23,5,10886e50aa9f4b2f6870c51feb2566dfad5e56192d861492ca97d207691a5804,2055,2026-09-27T18:09:49Z,2026-09-27T18:23:04.428832+00:00,SUCCEEDED,,,
firms/jamnagar-VIIRS_NOAA20_SP-2026-02-28-5.csv,FIRMS_CSV,NASA_FIRMS,jamnagar,VIIRS_NOAA20_SP,2026-02-28,5,c031e36d4719b273ae944f6e655c15182ab6291e075cfc7cf2d5ba5856b6eb85,2045,2026-09-27T18:09:52Z,2026-09-27T18:23:04.508741+00:00,SUCCEEDED,,,
firms/jamnagar-VIIRS_NOAA20_SP-2026-03-05-5.csv,FIRMS_CSV,NASA_FIRMS,jamnagar,VIIRS_NOAA20_SP,2026-03-05,5,2a14ec0ed7407f365d6829b98b32a60033d06a5c6299cd1ec3cae3d42e5a53ea,1795,2026-09-27T18:09:55Z,2026-09-27T18:23:04.599750+00:00,SUCCEEDED,,,
firms/jamnagar-VIIRS_NOAA20_SP-2026-03-10-5.csv,FIRMS_CSV,NASA_FIRMS,jamnagar,VIIRS_NOAA20_SP,2026-03-10,5,6bc2976ce5be6c7dc6f6772d46fc9f5a9309db77989fb4247aafc04ea45d7e1b,2528,2026-09-27T18:09:57Z,2026-09-27T18:23:04.672574+00:00,SUCCEEDED,,,
firms/jamnagar-VIIRS_NOAA20_SP-2026-03-15-5.csv,FIRMS_CSV,NASA_FIRMS,jamnagar,VIIRS_NOAA20_SP,2026-03-15,5,f7b53dabebe03a7302b52ce16767d3e9ff1daf1b16b01ee3cadc6130035d53e1,3705,2026-09-27T18:10:00Z,2026-09-27T18:23:04.763021+00:00,SUCCEEDED,,,
firms/jamnagar-VIIRS_NOAA20_SP-2026-03-20-5.csv,FIRMS_CSV,NASA_FIRMS,jamnagar,VIIRS_NOAA20_SP,2026-03-20,5,fcb176277cbecd557f82ee9e5b8772ec6fea545e880d2f978f1ff9c445bbed6e,7737,2026-09-27T18:10:03Z,2026-09-27T18:23:04.872209+00:00,SUCCEEDED,,,
firms/jamnagar-VIIRS_NOAA20_SP-2026-03-25-5.csv,FIRMS_CSV,NASA_FIRMS,jamnagar,VIIRS_NOAA20_SP,2026-03-25,5,2663125fb17ab5741e025c4635abf58a0cd476904b27cd7ea8028b627d8e394e,11768,2026-09-27T18:10:06Z,2026-09-27T18:23:05.029145+00:00,SUCCEEDED,,,
firms/jamnagar-VIIRS_NOAA20_SP-2026-03-30-5.csv,FIRMS_CSV,NASA_FIRMS,jamnagar,VIIRS_NOAA20_SP,2026-03-30,5,c47cf80606cd4526af958b9636465fa0bc3b1af20f026e15dac1e93eb477e4a1,3388,2026-09-27T09:26:39Z,2026-09-27T10:06:55.919524+00:00,SUCCEEDED,,,
firms/jamnagar-VIIRS_NOAA20_SP-2026-04-04-5.csv,FIRMS_CSV,NASA_FIRMS,jamnagar,VIIRS_NOAA20_SP,2026-04-04,5,c0efae50f0c10f9669c60da7def0da403becb0fba1a3b031a8d99f49916c77e4,4666,2026-09-27T09:26:42Z,2026-09-27T10:06:55.992650+00:00,SUCCEEDED,,,
firms/jamnagar-VIIRS_NOAA20_SP-2026-04-09-5.csv,FIRMS_CSV,NASA_FIRMS,jamnagar,VIIRS_NOAA20_SP,2026-04-09,5,9c8fa1eb6f524770fe7d4caf7a5ce17155be833e1f2cd3c5ca60fcb4e8824dcd,3552,2026-09-27T09:26:45Z,2026-09-27T10:06:56.082214+00:00,SUCCEEDED,,,
firms/jamnagar-VIIRS_NOAA20_SP-2026-04-14-5.csv,FIRMS_CSV,NASA_FIRMS,jamnagar,VIIRS_NOAA20_SP,2026-04-14,5,a1d9a52739125d6a9c68f3ee98f58f95e9ee97d16eaec1cf686964b614a658d1,2682,2026-09-27T09:26:48Z,2026-09-27T10:06:56.145531+00:00,SUCCEEDED,,,
firms/jamnagar-VIIRS_NOAA20_SP-2026-04-19-5.csv,FIRMS_CSV,NASA_FIRMS,jamnagar,VIIRS_NOAA20_SP,2026-04-19,5,7ac866b86f1b9ccd0a98cc288b0c19511d427d6a33f5ce306cbbc47b36f01ea5,3655,2026-09-27T09:26:51Z,2026-09-27T10:06:56.216882+00:00,SUCCEEDED,,,
firms/jamnagar-VIIRS_NOAA20_SP-2026-04-24-5.csv,FIRMS_CSV,NASA_FIRMS,jamnagar,VIIRS_NOAA20_SP,2026-04-24,5,17031a2ea42828e796d78a4070df818660f66874cf4eeeb3a0f2a0c6893ce7da,3396,2026-09-27T09:26:54Z,2026-09-27T10:06:56.299223+00:00,SUCCEEDED,,,
firms/jamnagar-VIIRS_NOAA20_SP-2026-04-29-5.csv,FIRMS_CSV,NASA_FIRMS,jamnagar,VIIRS_NOAA20_SP,2026-04-29,5,a74f9527c6ef7dbbafe4b57e0f8ae02678bfe6245275beb09e86e4db88f24a0a,3981,2026-09-27T09:26:58Z,2026-09-27T10:06:56.380651+00:00,SUCCEEDED,,,
firms/jamnagar-VIIRS_NOAA20_SP-2026-05-04-5.csv,FIRMS_CSV,NASA_FIRMS,jamnagar,VIIRS_NOAA20_SP,2026-05-04,5,1fb6eb2d56232f47eb348a3d158eddccb8cd88bb2ddbd3a53795210438552f03,2130,2026-09-27T09:27:01Z,2026-09-27T10:06:56.479366+00:00,SUCCEEDED,,,
firms/jamnagar-VIIRS_NOAA20_SP-2026-05-09-5.csv,FIRMS_CSV,NASA_FIRMS,jamnagar,VIIRS_NOAA20_SP,2026-05-09,5,fe804a623b7eb26b03ee93f0e757a4732c982176197b8f3699e418dedaba8f0f,4607,2026-09-27T09:27:04Z,2026-09-27T10:06:56.538719+00:00,SUCCEEDED,,,
firms/jamnagar-VIIRS_NOAA20_SP-2026-05-14-5.csv,FIRMS_CSV,NASA_FIRMS,jamnagar,VIIRS_NOAA20_SP,2026-05-14,5,2896a4ec675d3469e18cdd298a8ccc837e5b720342e58274f129af23408fd92e,4280,2026-09-27T09:27:07Z,2026-09-27T10:06:56.620216+00:00,SUCCEEDED,,,
firms/jamnagar-VIIRS_NOAA20_SP-2026-05-19-5.csv,FIRMS_CSV,NASA_FIRMS,jamnagar,VIIRS_NOAA20_SP,2026-05-19,5,649e66bfa1dc91f3e7ff148f50f7b1c0050904461b1e31e2a411e2f1b4c7c73e,3963,2026-09-27T09:27:10Z,2026-09-27T10:06:56.707182+00:00,SUCCEEDED,,,
firms/jamnagar-VIIRS_NOAA20_SP-2026-05-24-5.csv,FIRMS_CSV,NASA_FIRMS,jamnagar,VIIRS_NOAA20_SP,2026-05-24,5,ba376a078a90bf9f6952a84a082c2c5de526c7a9df87277dd3098c238914354b,3804,2026-09-27T09:27:13Z,2026-09-27T10:06:56.791301+00:00,SUCCEEDED,,,
firms/jamnagar-VIIRS_NOAA20_SP-2026-05-29-5.csv,FIRMS_CSV,NASA_FIRMS,jamnagar,VIIRS_NOAA20_SP,2026-05-29,5,27ec367b51f016654a48b5c43ebbdbf86eb3c71625ecaad1a1b4c07756abe55f,1565,2026-09-27T09:27:15Z,2026-09-27T10:06:56.887705+00:00,SUCCEEDED,,,
firms/jamnagar-VIIRS_NOAA20_SP-2026-06-03-5.csv,FIRMS_CSV,NASA_FIRMS,jamnagar,VIIRS_NOAA20_SP,2026-06-03,5,cb6021983318ee095af18307e68a36b552f59ffa0aea21130e5c6c97469fb854,1556,2026-09-27T09:27:18Z,2026-09-27T10:06:56.960421+00:00,SUCCEEDED,,,
firms/jamnagar-VIIRS_NOAA20_SP-2026-06-08-5.csv,FIRMS_CSV,NASA_FIRMS,jamnagar,VIIRS_NOAA20_SP,2026-06-08,5,e45553565fea52731fe99fc3dccd10530ee7c87a9fa4291257f78e40b30bd5d7,1959,2026-09-27T09:27:22Z,2026-09-27T10:06:57.018151+00:00,SUCCEEDED,,,
firms/jamnagar-VIIRS_NOAA20_SP-2026-06-13-5.csv,FIRMS_CSV,NASA_FIRMS,jamnagar,VIIRS_NOAA20_SP,2026-06-13,5,04c01127ae764b85e0e99d085bbd46d36a1816623c20c180dba9fd67d459c16c,1400,2026-09-27T09:27:26Z,2026-09-27T10:06:57.079368+00:00,SUCCEEDED,,,
firms/jamnagar-VIIRS_NOAA20_SP-2026-06-18-5.csv,FIRMS_CSV,NASA_FIRMS,jamnagar,VIIRS_NOAA20_SP,2026-06-18,5,297689114798ad9e171cdb9abef6eaa2ab1005a4dd1a30c9315924e23cc71757,1561,2026-09-27T09:27:28Z,2026-09-27T10:06:57.135659+00:00,SUCCEEDED,,,
firms/jamnagar-VIIRS_NOAA20_SP-2026-06-23-5.csv,FIRMS_CSV,NASA_FIRMS,jamnagar,VIIRS_NOAA20_SP,2026-06-23,5,ad18ea35afbaa38fa36566d6a583b6447f609f847aba361b520572a99d7e60cd,922,2026-09-27T09:27:31Z,2026-09-27T10:06:57.189229+00:00,SUCCEEDED,,,
firms/jamnagar-VIIRS_NOAA20_SP-2026-06-28-3.csv,FIRMS_CSV,NASA_FIRMS,jamnagar,VIIRS_NOAA20_SP,2026-06-28,3,8b8c5e1f302e5261b91736fba582eaf3547144c35a8ccc7996cad9c2c45111bc,679,2026-09-27T09:27:34Z,2026-09-27T10:06:57.231584+00:00,SUCCEEDED,,,
firms/punjab-VIIRS_NOAA20_NRT-2026-07-01-5.csv,FIRMS_CSV,NASA_FIRMS,punjab,VIIRS_NOAA20_NRT,2026-07-01,5,86aa052c53ae7bdc4f663107408c321d9f07499b18d1bdbab570aeaaf3496f18,202,2026-09-26T23:13:15Z,2026-09-26T23:14:40.688018+00:00,SUCCEEDED,,,
firms/punjab-VIIRS_NOAA20_NRT-2026-07-06-5.csv,FIRMS_CSV,NASA_FIRMS,punjab,VIIRS_NOAA20_NRT,2026-07-06,5,a4a29847579a56adf84227a507ce7e03be1343025587c4b2ddb867e732217820,776,2026-09-26T23:13:19Z,2026-09-26T23:14:41.261366+00:00,SUCCEEDED,,,
firms/punjab-VIIRS_NOAA20_NRT-2026-07-11-5.csv,FIRMS_CSV,NASA_FIRMS,punjab,VIIRS_NOAA20_NRT,2026-07-11,5,b68436233728bd03e9e85d35295bfd127046ac295a0eb1f22d0e80ae261d7503,283,2026-09-26T23:13:22Z,2026-09-26T23:14:41.928495+00:00,SUCCEEDED,,,
firms/punjab-VIIRS_NOAA20_NRT-2026-07-16-5.csv,FIRMS_CSV,NASA_FIRMS,punjab,VIIRS_NOAA20_NRT,2026-07-16,5,9c2ad36600d1dbd8e96b8ba570178458324ad726c33fccb02a3490d7353a4e0f,203,2026-09-26T23:13:25Z,2026-09-26T23:14:42.496685+00:00,SUCCEEDED,,,
firms/punjab-VIIRS_NOAA20_NRT-2026-07-21-5.csv,FIRMS_CSV,NASA_FIRMS,punjab,VIIRS_NOAA20_NRT,2026-07-21,5,2b11a44667d05367ecf77651b95fd3d34c545c7ec154856094b91245e41ae697,122,2026-09-27T09:47:40Z,2026-09-26T23:14:43.089121+00:00,SUCCEEDED,,,
firms/punjab-VIIRS_NOAA20_NRT-2026-07-26-5.csv,FIRMS_CSV,NASA_FIRMS,punjab,VIIRS_NOAA20_NRT,2026-07-26,5,2b11a44667d05367ecf77651b95fd3d34c545c7ec154856094b91245e41ae697,122,2026-09-27T09:47:40Z,2026-09-26T23:14:43.659026+00:00,SUCCEEDED,,,
firms/punjab-VIIRS_NOAA20_NRT-2026-07-31-5.csv,FIRMS_CSV,NASA_FIRMS,punjab,VIIRS_NOAA20_NRT,2026-07-31,5,2b11a44667d05367ecf77651b95fd3d34c545c7ec154856094b91245e41ae697,122,2026-09-27T09:47:40Z,2026-09-26T23:14:44.265142+00:00,SUCCEEDED,,,
firms/punjab-VIIRS_NOAA20_NRT-2026-08-05-5.csv,FIRMS_CSV,NASA_FIRMS,punjab,VIIRS_NOAA20_NRT,2026-08-05,5,2b11a44667d05367ecf77651b95fd3d34c545c7ec154856094b91245e41ae697,122,2026-09-27T09:47:40Z,2026-09-26T23:14:44.871172+00:00,SUCCEEDED,,,
firms/punjab-VIIRS_NOAA20_NRT-2026-08-10-5.csv,FIRMS_CSV,NASA_FIRMS,punjab,VIIRS_NOAA20_NRT,2026-08-10,5,2b11a44667d05367ecf77651b95fd3d34c545c7ec154856094b91245e41ae697,122,2026-09-27T09:47:40Z,2026-09-26T23:14:45.458963+00:00,SUCCEEDED,,,
firms/punjab-VIIRS_NOAA20_NRT-2026-08-15-5.csv,FIRMS_CSV,NASA_FIRMS,punjab,VIIRS_NOAA20_NRT,2026-08-15,5,5b46f3069ae2d9c6a34ceee0970fd57e5fb84ab27392b556e6b05966a9521849,287,2026-09-26T23:13:41Z,2026-09-26T23:14:46.081296+00:00,SUCCEEDED,,,
firms/punjab-VIIRS_NOAA20_NRT-2026-08-20-5.csv,FIRMS_CSV,NASA_FIRMS,punjab,VIIRS_NOAA20_NRT,2026-08-20,5,2b11a44667d05367ecf77651b95fd3d34c545c7ec154856094b91245e41ae697,122,2026-09-27T09:47:40Z,2026-09-26T23:14:46.684435+00:00,SUCCEEDED,,,
firms/punjab-VIIRS_NOAA20_NRT-2026-08-25-5.csv,FIRMS_CSV,NASA_FIRMS,punjab,VIIRS_NOAA20_NRT,2026-08-25,5,2b11a44667d05367ecf77651b95fd3d34c545c7ec154856094b91245e41ae697,122,2026-09-27T09:47:40Z,2026-09-26T23:14:47.285739+00:00,SUCCEEDED,,,
firms/punjab-VIIRS_NOAA20_NRT-2026-08-30-5.csv,FIRMS_CSV,NASA_FIRMS,punjab,VIIRS_NOAA20_NRT,2026-08-30,5,9754547cfa620e0767aec40393e2133f63595d8ecfec71ed705709b4694846c1,204,2026-09-26T23:13:49Z,2026-09-26T23:14:47.957303+00:00,SUCCEEDED,,,
firms/punjab-VIIRS_NOAA20_NRT-2026-09-04-5.csv,FIRMS_CSV,NASA_FIRMS,punjab,VIIRS_NOAA20_NRT,2026-09-04,5,2b11a44667d05367ecf77651b95fd3d34c545c7ec154856094b91245e41ae697,122,2026-09-27T09:47:40Z,2026-09-26T23:14:48.531713+00:00,SUCCEEDED,,,
firms/punjab-VIIRS_NOAA20_NRT-2026-09-09-5.csv,FIRMS_CSV,NASA_FIRMS,punjab,VIIRS_NOAA20_NRT,2026-09-09,5,fa4b55880cc781460beb7769824a7b9c6c3ec596573bf95a6173c5f00df5d8b8,451,2026-09-26T23:13:54Z,2026-09-26T23:14:49.143552+00:00,SUCCEEDED,,,
firms/punjab-VIIRS_NOAA20_NRT-2026-09-14-5.csv,FIRMS_CSV,NASA_FIRMS,punjab,VIIRS_NOAA20_NRT,2026-09-14,5,bd40ab70f03af10f8915b52d93fa56a6286a926fe5057a4c1cd44139d2e0d4e2,448,2026-09-26T23:13:58Z,2026-09-26T23:14:49.722612+00:00,SUCCEEDED,,,
firms/punjab-VIIRS_NOAA20_NRT-2026-09-19-3.csv,FIRMS_CSV,NASA_FIRMS,punjab,VIIRS_NOAA20_NRT,2026-09-19,3,2b11a44667d05367ecf77651b95fd3d34c545c7ec154856094b91245e41ae697,122,2026-09-27T09:47:40Z,2026-09-26T23:14:50.361345+00:00,SUCCEEDED,,,
firms/punjab-VIIRS_NOAA20_NRT-2026-09-22-5.csv,FIRMS_CSV,NASA_FIRMS,punjab,VIIRS_NOAA20_NRT,2026-09-22,5,373ed90e0550c537c2434fb6868ab64b2f03ee73888c665e6ea33de571eed989,288,,2026-09-26T22:46:17.239686+00:00,SUCCEEDED,,,
firms/punjab-VIIRS_NOAA20_SP-2025-12-30-5.csv,FIRMS_CSV,NASA_FIRMS,punjab,VIIRS_NOAA20_SP,2025-12-30,5,3505bc30679b4672e35048d886860827f74a34968ca654b30a18b6ab231990fd,127,2026-09-27T18:11:49Z,2026-09-27T18:23:31.424836+00:00,SUCCEEDED,,,
firms/punjab-VIIRS_NOAA20_SP-2026-01-04-5.csv,FIRMS_CSV,NASA_FIRMS,punjab,VIIRS_NOAA20_SP,2026-01-04,5,3505bc30679b4672e35048d886860827f74a34968ca654b30a18b6ab231990fd,127,2026-09-27T18:11:49Z,2026-09-27T18:23:31.471516+00:00,SUCCEEDED,,,
firms/punjab-VIIRS_NOAA20_SP-2026-01-09-5.csv,FIRMS_CSV,NASA_FIRMS,punjab,VIIRS_NOAA20_SP,2026-01-09,5,3505bc30679b4672e35048d886860827f74a34968ca654b30a18b6ab231990fd,127,2026-09-27T18:11:49Z,2026-09-27T18:23:31.529365+00:00,SUCCEEDED,,,
firms/punjab-VIIRS_NOAA20_SP-2026-01-14-5.csv,FIRMS_CSV,NASA_FIRMS,punjab,VIIRS_NOAA20_SP,2026-01-14,5,3505bc30679b4672e35048d886860827f74a34968ca654b30a18b6ab231990fd,127,2026-09-27T18:11:49Z,2026-09-27T18:23:31.575025+00:00,SUCCEEDED,,,
firms/punjab-VIIRS_NOAA20_SP-2026-01-19-5.csv,FIRMS_CSV,NASA_FIRMS,punjab,VIIRS_NOAA20_SP,2026-01-19,5,3505bc30679b4672e35048d886860827f74a34968ca654b30a18b6ab231990fd,127,2026-09-27T18:11:49Z,2026-09-27T18:23:31.617697+00:00,SUCCEEDED,,,
firms/punjab-VIIRS_NOAA20_SP-2026-01-24-5.csv,FIRMS_CSV,NASA_FIRMS,punjab,VIIRS_NOAA20_SP,2026-01-24,5,28f1720cbc878afbf48d46dc565603f9fce92b233231d151f2def3365e46fed9,287,2026-09-27T18:11:15Z,2026-09-27T18:23:31.694011+00:00,SUCCEEDED,,,
firms/punjab-VIIRS_NOAA20_SP-2026-01-29-5.csv,FIRMS_CSV,NASA_FIRMS,punjab,VIIRS_NOAA20_SP,2026-01-29,5,459e854cee257bfce09f6c618b80bd1a4aca7eb8721797a3d669a687b12385e1,207,2026-09-27T18:11:18Z,2026-09-27T18:23:31.753109+00:00,SUCCEEDED,,,
firms/punjab-VIIRS_NOAA20_SP-2026-02-03-5.csv,FIRMS_CSV,NASA_FIRMS,punjab,VIIRS_NOAA20_SP,2026-02-03,5,bdd1ce7c304838d837ad7a65c75d7e02bea1e0e9b6d1a3b202f9606392041ff9,523,2026-09-27T18:11:21Z,2026-09-27T18:23:31.798045+00:00,SUCCEEDED,,,
firms/punjab-VIIRS_NOAA20_SP-2026-02-08-5.csv,FIRMS_CSV,NASA_FIRMS,punjab,VIIRS_NOAA20_SP,2026-02-08,5,f62aa4b15227b6ec42b8cf8676f73ec1e79968724f6feb0aa20b656455900ce8,288,2026-09-27T18:11:24Z,2026-09-27T18:23:31.850142+00:00,SUCCEEDED,,,
firms/punjab-VIIRS_NOAA20_SP-2026-02-13-5.csv,FIRMS_CSV,NASA_FIRMS,punjab,VIIRS_NOAA20_SP,2026-02-13,5,1f6f39fcadf0e00351b482b5dd50556b05f16e72cb23bd59d46919e038c10b83,447,2026-09-27T18:11:26Z,2026-09-27T18:23:31.906870+00:00,SUCCEEDED,,,
firms/punjab-VIIRS_NOAA20_SP-2026-02-18-5.csv,FIRMS_CSV,NASA_FIRMS,punjab,VIIRS_NOAA20_SP,2026-02-18,5,f3be76c5f9ca45cfd9912484ad0b636344291d5d8e90d58ab996876cc7b71ef8,283,2026-09-27T18:11:29Z,2026-09-27T18:23:31.960441+00:00,SUCCEEDED,,,
firms/punjab-VIIRS_NOAA20_SP-2026-02-23-5.csv,FIRMS_CSV,NASA_FIRMS,punjab,VIIRS_NOAA20_SP,2026-02-23,5,866f3152a04c5ec4a904901d4cf80b0b73c8bb5721b530e8dcf5d8a96d7f40e3,206,2026-09-27T18:11:32Z,2026-09-27T18:23:32.012514+00:00,SUCCEEDED,,,
firms/punjab-VIIRS_NOAA20_SP-2026-02-28-5.csv,FIRMS_CSV,NASA_FIRMS,punjab,VIIRS_NOAA20_SP,2026-02-28,5,6f23f564064159e4719c512eaf37404b554090b735eeb32d0ed442c77bd913d4,285,2026-09-27T18:11:35Z,2026-09-27T18:23:32.058418+00:00,SUCCEEDED,,,
firms/punjab-VIIRS_NOAA20_SP-2026-03-05-5.csv,FIRMS_CSV,NASA_FIRMS,punjab,VIIRS_NOAA20_SP,2026-03-05,5,0c4c06dd09d3932313d58677940c222854b6615f16ede8a9dca50cd3bb5109d7,363,2026-09-27T18:11:37Z,2026-09-27T18:23:32.104488+00:00,SUCCEEDED,,,
firms/punjab-VIIRS_NOAA20_SP-2026-03-10-5.csv,FIRMS_CSV,NASA_FIRMS,punjab,VIIRS_NOAA20_SP,2026-03-10,5,1eeaf25f00a7e3cbbdaa68dbc0a9adc5c6f45807e76e7ee37d6acab1727892f5,288,2026-09-27T18:11:40Z,2026-09-27T18:23:32.155068+00:00,SUCCEEDED,,,
firms/punjab-VIIRS_NOAA20_SP-2026-03-15-5.csv,FIRMS_CSV,NASA_FIRMS,punjab,VIIRS_NOAA20_SP,2026-03-15,5,c986dd596b75a7756663a32e94493e8dc1cd8a346d68e666adcdb1c047300d8a,366,2026-09-27T18:11:43Z,2026-09-27T18:23:32.199605+00:00,SUCCEEDED,,,
firms/punjab-VIIRS_NOAA20_SP-2026-03-20-5.csv,FIRMS_CSV,NASA_FIRMS,punjab,VIIRS_NOAA20_SP,2026-03-20,5,f228240753610fd8fbee57255ad39e7cc567a9fead05743b458f53970e5d9bff,287,2026-09-27T18:11:46Z,2026-09-27T18:23:32.247889+00:00,SUCCEEDED,,,
firms/punjab-VIIRS_NOAA20_SP-2026-03-25-5.csv,FIRMS_CSV,NASA_FIRMS,punjab,VIIRS_NOAA20_SP,2026-03-25,5,3505bc30679b4672e35048d886860827f74a34968ca654b30a18b6ab231990fd,127,2026-09-27T18:11:49Z,2026-09-27T18:23:32.302984+00:00,SUCCEEDED,,,
firms/punjab-VIIRS_NOAA20_SP-2026-03-30-5.csv,FIRMS_CSV,NASA_FIRMS,punjab,VIIRS_NOAA20_SP,2026-03-30,5,0d011b1a24eb832add25e8e041cacfe0f3c5f40bd5a9890c28dcf710df0697a3,206,2026-09-27T09:28:41Z,2026-09-27T10:07:15.459782+00:00,SUCCEEDED,,,
firms/punjab-VIIRS_NOAA20_SP-2026-04-04-5.csv,FIRMS_CSV,NASA_FIRMS,punjab,VIIRS_NOAA20_SP,2026-04-04,5,616ac5ed7828110a9af448f72803ae9cbf40f127918610ce36d283953b92ea08,287,2026-09-27T09:28:45Z,2026-09-27T10:07:15.487341+00:00,SUCCEEDED,,,
firms/punjab-VIIRS_NOAA20_SP-2026-04-09-5.csv,FIRMS_CSV,NASA_FIRMS,punjab,VIIRS_NOAA20_SP,2026-04-09,5,4f4865aab38add5dc77352a533f187df440c1cb3edd52983dcb1c00a3516e737,206,2026-09-27T09:28:47Z,2026-09-27T10:07:15.517618+00:00,SUCCEEDED,,,
firms/punjab-VIIRS_NOAA20_SP-2026-04-14-5.csv,FIRMS_CSV,NASA_FIRMS,punjab,VIIRS_NOAA20_SP,2026-04-14,5,64b81cf3d99dd9efff46be9563462a602511c69fdded2a584fdac383edb2f6ca,522,2026-09-27T09:28:50Z,2026-09-27T10:07:15.544411+00:00,SUCCEEDED,,,
firms/punjab-VIIRS_NOAA20_SP-2026-04-19-5.csv,FIRMS_CSV,NASA_FIRMS,punjab,VIIRS_NOAA20_SP,2026-04-19,5,c6bec3343619a72cd579f0ace2fa5c9f94d2fecc3d8de58ee9c058cdeee26f3e,2584,2026-09-27T09:28:53Z,2026-09-27T10:07:15.579322+00:00,SUCCEEDED,,,
firms/punjab-VIIRS_NOAA20_SP-2026-04-24-5.csv,FIRMS_CSV,NASA_FIRMS,punjab,VIIRS_NOAA20_SP,2026-04-24,5,c53e1152c34a31339b56502b455f86e00d17780ba2f6f642336f1da1828e75af,15953,2026-09-27T09:28:57Z,2026-09-27T10:07:15.633406+00:00,SUCCEEDED,,,
firms/punjab-VIIRS_NOAA20_SP-2026-04-29-5.csv,FIRMS_CSV,NASA_FIRMS,punjab,VIIRS_NOAA20_SP,2026-04-29,5,de249529666ee6b1731e936306aaaa81f7c475887113998c1833fe83454bd100,59609,2026-09-27T09:29:04Z,2026-09-27T10:07:15.829569+00:00,SUCCEEDED,,,
firms/punjab-VIIRS_NOAA20_SP-2026-05-04-5.csv,FIRMS_CSV,NASA_FIRMS,punjab,VIIRS_NOAA20_SP,2026-05-04,5,1065da28c4e08e28484314e1375284526963ebe84e0bf26d0c32bb5566fc8196,112706,2026-09-27T09:29:08Z,2026-09-27T10:07:16.526501+00:00,SUCCEEDED,,,
firms/punjab-VIIRS_NOAA20_SP-2026-05-09-5.csv,FIRMS_CSV,NASA_FIRMS,punjab,VIIRS_NOAA20_SP,2026-05-09,5,e578cf35aa7da2ae89c6724828570fd00728c4a2eca5c162e8fe6a6402074197,118728,2026-09-27T09:29:14Z,2026-09-27T10:07:17.823286+00:00,SUCCEEDED,,,
firms/punjab-VIIRS_NOAA20_SP-2026-05-14-5.csv,FIRMS_CSV,NASA_FIRMS,punjab,VIIRS_NOAA20_SP,2026-05-14,5,ee7ee3485c1944a8cff67b091243481f41b285ee2b3c8040b25642601d97ddac,19416,2026-09-27T09:29:17Z,2026-09-27T10:07:19.235798+00:00,SUCCEEDED,,,
firms/punjab-VIIRS_NOAA20_SP-2026-05-19-5.csv,FIRMS_CSV,NASA_FIRMS,punjab,VIIRS_NOAA20_SP,2026-05-19,5,fee8cb001c2d78216ea9044c16f8819466b7d666ab6ef5317069bdd47348cc51,5753,2026-09-27T09:29:20Z,2026-09-27T10:07:19.496123+00:00,SUCCEEDED,,,
firms/punjab-VIIRS_NOAA20_SP-2026-05-24-5.csv,FIRMS_CSV,NASA_FIRMS,punjab,VIIRS_NOAA20_SP,2026-05-24,5,034843721d7258201c91c9474479c73b3204c283e578505ced19e19933e3e569,4263,2026-09-27T09:29:23Z,2026-09-27T10:07:19.597071+00:00,SUCCEEDED,,,
firms/punjab-VIIRS_NOAA20_SP-2026-05-29-5.csv,FIRMS_CSV,NASA_FIRMS,punjab,VIIRS_NOAA20_SP,2026-05-29,5,8b893e9a507eec5439e58c2abdd1962989916dcc27a273d995263dd20486db91,685,2026-09-27T09:29:26Z,2026-09-27T10:07:19.675432+00:00,SUCCEEDED,,,
firms/punjab-VIIRS_NOAA20_SP-2026-06-03-5.csv,FIRMS_CSV,NASA_FIRMS,punjab,VIIRS_NOAA20_SP,2026-06-03,5,2807c89e6e609cfe053f1715c8a1e747cd4f7b0c26e7bea99b0e9317921f1df5,675,2026-09-27T09:29:29Z,2026-09-27T10:07:19.711480+00:00,SUCCEEDED,,,
firms/punjab-VIIRS_NOAA20_SP-2026-06-08-5.csv,FIRMS_CSV,NASA_FIRMS,punjab,VIIRS_NOAA20_SP,2026-06-08,5,f4407e6e73099c13e2adee17ae95822379b912aba65a68375274b17dbebd01ba,912,2026-09-27T09:29:32Z,2026-09-27T10:07:19.748547+00:00,SUCCEEDED,,,
firms/punjab-VIIRS_NOAA20_SP-2026-06-13-5.csv,FIRMS_CSV,NASA_FIRMS,punjab,VIIRS_NOAA20_SP,2026-06-13,5,159e7849678b1488d8985ad31a3bed81c1ba5663b2a5cc9c815b04fc29890b7a,523,2026-09-27T09:29:48Z,2026-09-27T10:07:19.794931+00:00,SUCCEEDED,,,
firms/punjab-VIIRS_NOAA20_SP-2026-06-18-5.csv,FIRMS_CSV,NASA_FIRMS,punjab,VIIRS_NOAA20_SP,2026-06-18,5,82a521d7f78a64097e925ded67595b0f96bc986fa634669a4ff046fd0155d713,2253,2026-09-27T09:29:51Z,2026-09-27T10:07:19.832074+00:00,SUCCEEDED,,,
firms/punjab-VIIRS_NOAA20_SP-2026-06-23-5.csv,FIRMS_CSV,NASA_FIRMS,punjab,VIIRS_NOAA20_SP,2026-06-23,5,f44dc7788d14791c0316d6d02c000cf6a1fc0e96768f5ea5f4e24309326b1d56,2273,2026-09-27T09:29:54Z,2026-09-27T10:07:19.885446+00:00,SUCCEEDED,,,
firms/punjab-VIIRS_NOAA20_SP-2026-06-28-3.csv,FIRMS_CSV,NASA_FIRMS,punjab,VIIRS_NOAA20_SP,2026-06-28,3,f7065f514055835b09569c5cdfbcca38a3e83b0122366def41f8537364755622,1628,2026-09-27T09:29:58Z,2026-09-27T10:07:19.938799+00:00,SUCCEEDED,,,
osm/jamnagar-osm-20260926T224053Z.json,OSM_OVERPASS_JSON,OPENSTREETMAP,jamnagar,,,,f2a94cfd47f3f2e3068afde6bf1faa1cfb632cfc1bb2d9b748d5a8303fe9c2a7,378379,,,,2026-09-26T22:41:00Z,bbe518446f7e9d18a25f30961ea8b1c54b1cac96c792b4c333dab6f3adb9322b,
osm/punjab-osm-20260926T224114Z.json,OSM_OVERPASS_JSON,OPENSTREETMAP,punjab,,,,d2197995cbfdfa364d154b74173374529527de4260c34ae9122d53586a3caaf1,123697,,,,2026-09-26T22:41:20Z,12b85b9bee9936c999f065edd635c6ec57d575e8736fe9e0000af3df0539aacc,
worldcover/summaries.json,WORLDCOVER_SUMMARIES,ESA_WORLDCOVER,,ESA_WORLDCOVER_10M_2021_V200,,,2e4a85948008c66a4ad9b2c213e8376dc43dede42caaf8218066c90086b1a277,4214358,,,,,,3307
