file,region,product,start_date,days,received_at_utc,http_status,rows,sha256
haldia-VIIRS_NOAA20_NRT-2026-07-01-5.csv,haldia,VIIRS_NOAA20_NRT,2026-07-01,5,2026-09-27T09:51:44Z,200,1,54f0e4195564cabc9c3a48d2f1f029d91caedff619b669747bce9e9fa6c1c7e5
haldia-VIIRS_NOAA20_NRT-2026-07-06-5.csv,haldia,VIIRS_NOAA20_NRT,2026-07-06,5,2026-09-27T09:51:47Z,200,0,2b11a44667d05367ecf77651b95fd3d34c545c7ec154856094b91245e41ae697
haldia-VIIRS_NOAA20_NRT-2026-07-11-5.csv,haldia,VIIRS_NOAA20_NRT,2026-07-11,5,2026-09-27T09:51:50Z,200,0,2b11a44667d05367ecf77651b95fd3d34c545c7ec154856094b91245e41ae697
haldia-VIIRS_NOAA20_NRT-2026-07-16-5.csv,haldia,VIIRS_NOAA20_NRT,2026-07-16,5,2026-09-27T09:51:53Z,200,5,b6513468d037ef54f4759f30d1130103615ee1336803e91b97c2ef5e603cff2f
haldia-VIIRS_NOAA20_NRT-2026-07-21-5.csv,haldia,VIIRS_NOAA20_NRT,2026-07-21,5,2026-09-27T09:51:55Z,200,0,2b11a44667d05367ecf77651b95fd3d34c545c7ec154856094b91245e41ae697
haldia-VIIRS_NOAA20_NRT-2026-07-26-5.csv,haldia,VIIRS_NOAA20_NRT,2026-07-26,5,2026-09-27T09:51:58Z,200,2,caf47a0cec6a6c43e4d66e407cf82ae8eaee44b7a04888e696627f075732d22b
haldia-VIIRS_NOAA20_NRT-2026-07-31-5.csv,haldia,VIIRS_NOAA20_NRT,2026-07-31,5,2026-09-27T09:52:02Z,200,4,09c8a5e1aba11c95b571d48c553534bad878509041384807197d4ccde49373f5
haldia-VIIRS_NOAA20_NRT-2026-08-05-5.csv,haldia,VIIRS_NOAA20_NRT,2026-08-05,5,2026-09-27T09:52:04Z,200,1,e00748596965db6ab7e93f1c1973f2982e1b2b95544891ae116561b87f12d561
haldia-VIIRS_NOAA20_NRT-2026-08-10-5.csv,haldia,VIIRS_NOAA20_NRT,2026-08-10,5,2026-09-27T09:52:07Z,200,8,c796baad786c6b5d7dff2b345bf21bd3b43b73e2fe96bae007e3397e7de8bdbb
haldia-VIIRS_NOAA20_NRT-2026-08-15-5.csv,haldia,VIIRS_NOAA20_NRT,2026-08-15,5,2026-09-27T09:52:10Z,200,3,5a043cdacd155f0426f8a659690bd389af505fb8e7254f50601b65e9f560ebbe
haldia-VIIRS_NOAA20_NRT-2026-08-20-5.csv,haldia,VIIRS_NOAA20_NRT,2026-08-20,5,2026-09-27T09:52:13Z,200,1,990f42dac790b94dd1ea53a12c18d6e97e223eafec2ea3bbb83a76cb408e2c8f
haldia-VIIRS_NOAA20_NRT-2026-08-25-5.csv,haldia,VIIRS_NOAA20_NRT,2026-08-25,5,2026-09-27T09:52:16Z,200,0,2b11a44667d05367ecf77651b95fd3d34c545c7ec154856094b91245e41ae697
haldia-VIIRS_NOAA20_NRT-2026-08-30-5.csv,haldia,VIIRS_NOAA20_NRT,2026-08-30,5,2026-09-27T09:52:19Z,200,0,2b11a44667d05367ecf77651b95fd3d34c545c7ec154856094b91245e41ae697
haldia-VIIRS_NOAA20_NRT-2026-09-04-5.csv,haldia,VIIRS_NOAA20_NRT,2026-09-04,5,2026-09-27T09:52:22Z,200,1,b5bffd8986d1784b384c47a379d765a5afff54500b0c24b95619a50602219702
haldia-VIIRS_NOAA20_NRT-2026-09-09-5.csv,haldia,VIIRS_NOAA20_NRT,2026-09-09,5,2026-09-27T09:52:25Z,200,0,2b11a44667d05367ecf77651b95fd3d34c545c7ec154856094b91245e41ae697
haldia-VIIRS_NOAA20_NRT-2026-09-14-5.csv,haldia,VIIRS_NOAA20_NRT,2026-09-14,5,2026-09-27T09:52:28Z,200,6,8479dafcfd0134deecae8c5eae6c2a5eebfa28578ec012b61049fd8abe65a76e
haldia-VIIRS_NOAA20_NRT-2026-09-19-5.csv,haldia,VIIRS_NOAA20_NRT,2026-09-19,5,2026-09-27T09:52:31Z,200,1,092e0e3eab372ef1295b8e7d3c727923d291f7ae38970746599c2d0cf4d4a5fb
haldia-VIIRS_NOAA20_NRT-2026-09-24-2.csv,haldia,VIIRS_NOAA20_NRT,2026-09-24,2,2026-09-27T09:52:34Z,200,1,2ba9dc61e9bfe0a0d63904e1f4d5a66584da74d8f308e93802ea6f1362f8b895
haldia-VIIRS_NOAA20_SP-2026-03-30-5.csv,haldia,VIIRS_NOAA20_SP,2026-03-30,5,2026-09-27T09:50:29Z,200,13,62a340663abefd41ad53d5cdc4e32776d18a984bd8179b9744c09c6f0006a415
haldia-VIIRS_NOAA20_SP-2026-04-04-5.csv,haldia,VIIRS_NOAA20_SP,2026-04-04,5,2026-09-27T09:50:32Z,200,12,97c6f18ceb56efe7d494191bd25eab682100f699681384cc251b5523886b583e
haldia-VIIRS_NOAA20_SP-2026-04-09-5.csv,haldia,VIIRS_NOAA20_SP,2026-04-09,5,2026-09-27T09:50:36Z,200,28,5500caecfa0fd3775b1fc7f0b32dff9fe29497e093122e30397bd0684a74df8f
haldia-VIIRS_NOAA20_SP-2026-04-14-5.csv,haldia,VIIRS_NOAA20_SP,2026-04-14,5,2026-09-27T09:50:39Z,200,7,3ca884f3532130f137d04155eab3c017df3d6fc042d9b27f6a810f31656ce945
haldia-VIIRS_NOAA20_SP-2026-04-19-5.csv,haldia,VIIRS_NOAA20_SP,2026-04-19,5,2026-09-27T09:50:42Z,200,7,9c21110ac946784887f307d337b91811b584aa3215ff67cceec3f86060f88ec4
haldia-VIIRS_NOAA20_SP-2026-04-24-5.csv,haldia,VIIRS_NOAA20_SP,2026-04-24,5,2026-09-27T09:50:45Z,200,11,6bfe5c826b1e31a1259f0ede0faa24220e4b504723171b77b91e4fe248a4e9bc
haldia-VIIRS_NOAA20_SP-2026-04-29-5.csv,haldia,VIIRS_NOAA20_SP,2026-04-29,5,2026-09-27T09:50:47Z,200,2,d4895317bd088d1cf407f51d34a3daaa8057f715fe2fe7c170688d273edf93e9
haldia-VIIRS_NOAA20_SP-2026-05-04-5.csv,haldia,VIIRS_NOAA20_SP,2026-05-04,5,2026-09-27T09:50:50Z,200,5,9fef2335a173c9f377b61612057c313548448fbe533ac588513c4d7e3c9804d8
haldia-VIIRS_NOAA20_SP-2026-05-09-5.csv,haldia,VIIRS_NOAA20_SP,2026-05-09,5,2026-09-27T09:50:53Z,200,10,bfdb179985cde7ad196bad6fb84514ce0a4da2665c2edeb60a544590acdf0125
haldia-VIIRS_NOAA20_SP-2026-05-14-5.csv,haldia,VIIRS_NOAA20_SP,2026-05-14,5,2026-09-27T09:50:56Z,200,6,0fe73151883c0df6172e6b817ea9327cae9bf056897f808e694d3ae7ad6abc78
haldia-VIIRS_NOAA20_SP-2026-05-19-5.csv,haldia,VIIRS_NOAA20_SP,2026-05-19,5,2026-09-27T09:50:59Z,200,3,4978244dc26f7ff3c957058c8ba5dc8fc350a4627d0f9113ba3f475f3d2c537c
haldia-VIIRS_NOAA20_SP-2026-05-24-5.csv,haldia,VIIRS_NOAA20_SP,2026-05-24,5,2026-09-27T09:51:02Z,200,18,efe7aae25839149a5ca12fadf8703f4f718d125034f07774c59f84ecc1fcc3b8
haldia-VIIRS_NOAA20_SP-2026-05-29-5.csv,haldia,VIIRS_NOAA20_SP,2026-05-29,5,2026-09-27T09:51:04Z,200,10,f5214633a03619594cd01e371943b80a21b842bc512487e1b67cf7b71d7d13f1
haldia-VIIRS_NOAA20_SP-2026-06-03-5.csv,haldia,VIIRS_NOAA20_SP,2026-06-03,5,2026-09-27T09:51:07Z,200,5,955d6f59995e376c5c743e1e1f15e9fc35bd9faac9ef5397d3753d39391b212b
haldia-VIIRS_NOAA20_SP-2026-06-08-5.csv,haldia,VIIRS_NOAA20_SP,2026-06-08,5,2026-09-27T09:51:10Z,200,7,3b420db3e48fcd88f437a1dfdd371f7fed56eed7b0cf3d88109f4b645dff358f
haldia-VIIRS_NOAA20_SP-2026-06-13-5.csv,haldia,VIIRS_NOAA20_SP,2026-06-13,5,2026-09-27T09:51:14Z,200,6,bbeb420f8366156930e5cf11ad1dcf473b72b941868f24deac9f11026ed467f7
haldia-VIIRS_NOAA20_SP-2026-06-18-5.csv,haldia,VIIRS_NOAA20_SP,2026-06-18,5,2026-09-27T09:51:36Z,200,5,7ac9271b6c04cd2b700d9c4e77eb455b26711d5093e3f20fc700e2dee7b9a3c8
haldia-VIIRS_NOAA20_SP-2026-06-23-5.csv,haldia,VIIRS_NOAA20_SP,2026-06-23,5,2026-09-27T09:51:39Z,200,4,dd8844bb8c8eecce926b2ceb931ee8ed3132f59f1df6cbe3a4803a66dd5f1d4c
haldia-VIIRS_NOAA20_SP-2026-06-28-3.csv,haldia,VIIRS_NOAA20_SP,2026-06-28,3,2026-09-27T09:51:41Z,200,2,735cb5dc6dc9454c36918502f875b7ebed69529336b1958a5093726fd0a9e23f
jamnagar-VIIRS_NOAA20_SP-2026-03-30-5.csv,jamnagar,VIIRS_NOAA20_SP,2026-03-30,5,2026-09-27T09:26:39Z,200,41,c47cf80606cd4526af958b9636465fa0bc3b1af20f026e15dac1e93eb477e4a1
jamnagar-VIIRS_NOAA20_SP-2026-04-04-5.csv,jamnagar,VIIRS_NOAA20_SP,2026-04-04,5,2026-09-27T09:26:42Z,200,57,c0efae50f0c10f9669c60da7def0da403becb0fba1a3b031a8d99f49916c77e4
jamnagar-VIIRS_NOAA20_SP-2026-04-09-5.csv,jamnagar,VIIRS_NOAA20_SP,2026-04-09,5,2026-09-27T09:26:45Z,200,43,9c8fa1eb6f524770fe7d4caf7a5ce17155be833e1f2cd3c5ca60fcb4e8824dcd
jamnagar-VIIRS_NOAA20_SP-2026-04-14-5.csv,jamnagar,VIIRS_NOAA20_SP,2026-04-14,5,2026-09-27T09:26:48Z,200,32,a1d9a52739125d6a9c68f3ee98f58f95e9ee97d16eaec1cf686964b614a658d1
jamnagar-VIIRS_NOAA20_SP-2026-04-19-5.csv,jamnagar,VIIRS_NOAA20_SP,2026-04-19,5,2026-09-27T09:26:51Z,200,44,7ac866b86f1b9ccd0a98cc288b0c19511d427d6a33f5ce306cbbc47b36f01ea5
jamnagar-VIIRS_NOAA20_SP-2026-04-24-5.csv,jamnagar,VIIRS_NOAA20_SP,2026-04-24,5,2026-09-27T09:26:54Z,200,41,17031a2ea42828e796d78a4070df818660f66874cf4eeeb3a0f2a0c6893ce7da
jamnagar-VIIRS_NOAA20_SP-2026-04-29-5.csv,jamnagar,VIIRS_NOAA20_SP,2026-04-29,5,2026-09-27T09:26:58Z,200,48,a74f9527c6ef7dbbafe4b57e0f8ae02678bfe6245275beb09e86e4db88f24a0a
jamnagar-VIIRS_NOAA20_SP-2026-05-04-5.csv,jamnagar,VIIRS_NOAA20_SP,2026-05-04,5,2026-09-27T09:27:01Z,200,25,1fb6eb2d56232f47eb348a3d158eddccb8cd88bb2ddbd3a53795210438552f03
jamnagar-VIIRS_NOAA20_SP-2026-05-09-5.csv,jamnagar,VIIRS_NOAA20_SP,2026-05-09,5,2026-09-27T09:27:04Z,200,56,fe804a623b7eb26b03ee93f0e757a4732c982176197b8f3699e418dedaba8f0f
jamnagar-VIIRS_NOAA20_SP-2026-05-14-5.csv,jamnagar,VIIRS_NOAA20_SP,2026-05-14,5,2026-09-27T09:27:07Z,200,52,2896a4ec675d3469e18cdd298a8ccc837e5b720342e58274f129af23408fd92e
jamnagar-VIIRS_NOAA20_SP-2026-05-19-5.csv,jamnagar,VIIRS_NOAA20_SP,2026-05-19,5,2026-09-27T09:27:10Z,200,48,649e66bfa1dc91f3e7ff148f50f7b1c0050904461b1e31e2a411e2f1b4c7c73e
jamnagar-VIIRS_NOAA20_SP-2026-05-24-5.csv,jamnagar,VIIRS_NOAA20_SP,2026-05-24,5,2026-09-27T09:27:13Z,200,46,ba376a078a90bf9f6952a84a082c2c5de526c7a9df87277dd3098c238914354b
jamnagar-VIIRS_NOAA20_SP-2026-05-29-5.csv,jamnagar,VIIRS_NOAA20_SP,2026-05-29,5,2026-09-27T09:27:15Z,200,18,27ec367b51f016654a48b5c43ebbdbf86eb3c71625ecaad1a1b4c07756abe55f
jamnagar-VIIRS_NOAA20_SP-2026-06-03-5.csv,jamnagar,VIIRS_NOAA20_SP,2026-06-03,5,2026-09-27T09:27:18Z,200,18,cb6021983318ee095af18307e68a36b552f59ffa0aea21130e5c6c97469fb854
jamnagar-VIIRS_NOAA20_SP-2026-06-08-5.csv,jamnagar,VIIRS_NOAA20_SP,2026-06-08,5,2026-09-27T09:27:22Z,200,23,e45553565fea52731fe99fc3dccd10530ee7c87a9fa4291257f78e40b30bd5d7
jamnagar-VIIRS_NOAA20_SP-2026-06-13-5.csv,jamnagar,VIIRS_NOAA20_SP,2026-06-13,5,2026-09-27T09:27:26Z,200,16,04c01127ae764b85e0e99d085bbd46d36a1816623c20c180dba9fd67d459c16c
jamnagar-VIIRS_NOAA20_SP-2026-06-18-5.csv,jamnagar,VIIRS_NOAA20_SP,2026-06-18,5,2026-09-27T09:27:28Z,200,18,297689114798ad9e171cdb9abef6eaa2ab1005a4dd1a30c9315924e23cc71757
jamnagar-VIIRS_NOAA20_SP-2026-06-23-5.csv,jamnagar,VIIRS_NOAA20_SP,2026-06-23,5,2026-09-27T09:27:31Z,200,10,ad18ea35afbaa38fa36566d6a583b6447f609f847aba361b520572a99d7e60cd
jamnagar-VIIRS_NOAA20_SP-2026-06-28-3.csv,jamnagar,VIIRS_NOAA20_SP,2026-06-28,3,2026-09-27T09:27:34Z,200,7,8b8c5e1f302e5261b91736fba582eaf3547144c35a8ccc7996cad9c2c45111bc
jharia-VIIRS_NOAA20_NRT-2026-07-01-5.csv,jharia,VIIRS_NOAA20_NRT,2026-07-01,5,2026-09-27T09:33:47Z,200,40,7dcd97d2729e9393fb5a03ca6d55376f41062f9929805d0a086d2ae31daacc84
jharia-VIIRS_NOAA20_NRT-2026-07-06-5.csv,jharia,VIIRS_NOAA20_NRT,2026-07-06,5,2026-09-27T09:33:50Z,200,0,2b11a44667d05367ecf77651b95fd3d34c545c7ec154856094b91245e41ae697
jharia-VIIRS_NOAA20_NRT-2026-07-11-5.csv,jharia,VIIRS_NOAA20_NRT,2026-07-11,5,2026-09-27T09:33:53Z,200,5,c8ac1173319f9c830d5287a140682200c115dab6784ea67fb9a03e467c6e4224
jharia-VIIRS_NOAA20_NRT-2026-07-16-5.csv,jharia,VIIRS_NOAA20_NRT,2026-07-16,5,2026-09-27T09:33:56Z,200,8,66963fc35d2de4f76345012f7090ee7bef66742436f935b590c1505e19efa8f1
jharia-VIIRS_NOAA20_NRT-2026-07-21-5.csv,jharia,VIIRS_NOAA20_NRT,2026-07-21,5,2026-09-27T09:33:59Z,200,32,8fa59adaf51e4d8515cabb24a4e259dec7e99aa85d99c3d779605d011664cd34
jharia-VIIRS_NOAA20_NRT-2026-07-26-5.csv,jharia,VIIRS_NOAA20_NRT,2026-07-26,5,2026-09-27T09:34:03Z,200,82,3f8ea46d2953a1c9bd7cb0f49ce8b202440d0547506a3c49b7820925658f5d6d
jharia-VIIRS_NOAA20_NRT-2026-07-31-5.csv,jharia,VIIRS_NOAA20_NRT,2026-07-31,5,2026-09-27T09:34:05Z,200,67,1d00d2cbd3f7401c46193d8ee2dc005561a4cbc39e7a8881ad6d508af2e94493
jharia-VIIRS_NOAA20_NRT-2026-08-05-5.csv,jharia,VIIRS_NOAA20_NRT,2026-08-05,5,2026-09-27T09:34:08Z,200,88,18c1c9a0d39e7bc145eba8db1c35f07758171a689556318c890680b014c5ad34
jharia-VIIRS_NOAA20_NRT-2026-08-10-5.csv,jharia,VIIRS_NOAA20_NRT,2026-08-10,5,2026-09-27T09:34:11Z,200,43,646ff1bf1828a3dcb973d12fd1b9fae2d667d426139beeb2c9a8da93b2be0272
jharia-VIIRS_NOAA20_NRT-2026-08-15-5.csv,jharia,VIIRS_NOAA20_NRT,2026-08-15,5,2026-09-27T09:34:14Z,200,29,a19524630215e8b6c23536b065e7cbb5441e3e133955d49a7af58117c9e216b3
jharia-VIIRS_NOAA20_NRT-2026-08-20-5.csv,jharia,VIIRS_NOAA20_NRT,2026-08-20,5,2026-09-27T09:34:17Z,200,110,a0e2a806964a1c65e07a0efd74ab572d09f306a93e96ce25dd4e9bbbd978488d
jharia-VIIRS_NOAA20_NRT-2026-08-25-5.csv,jharia,VIIRS_NOAA20_NRT,2026-08-25,5,2026-09-27T09:34:21Z,200,3,5b2765a220070ada48573402884b557fd895c7df0d59db30685eec4f1ff35275
jharia-VIIRS_NOAA20_NRT-2026-08-30-5.csv,jharia,VIIRS_NOAA20_NRT,2026-08-30,5,2026-09-27T09:34:24Z,200,76,3e99e67a58bf9c9cd478e94d5842a5ce4112d0033d0e3f1ad80f241be28c06d9
jharia-VIIRS_NOAA20_NRT-2026-09-04-5.csv,jharia,VIIRS_NOAA20_NRT,2026-09-04,5,2026-09-27T09:34:28Z,200,73,1605b8e4da934452f945a6dcf3775441743dccae7b51f81c61a62cfb192c2300
jharia-VIIRS_NOAA20_NRT-2026-09-09-5.csv,jharia,VIIRS_NOAA20_NRT,2026-09-09,5,2026-09-27T09:34:30Z,200,59,ca94674bdeacf8afcd8b2b3856e31d54dcfcb5acdadee4d289b8bcdeb77222df
jharia-VIIRS_NOAA20_NRT-2026-09-14-5.csv,jharia,VIIRS_NOAA20_NRT,2026-09-14,5,2026-09-27T09:34:33Z,200,200,1d6c35a3354cea3256694d90b20b7a40b549e64463998c1587e9b3c858272675
jharia-VIIRS_NOAA20_NRT-2026-09-19-5.csv,jharia,VIIRS_NOAA20_NRT,2026-09-19,5,2026-09-27T09:34:37Z,200,162,81b831e2857dd810da091fd6a952283fd861d334e683750c74508b2f3b004ca4
jharia-VIIRS_NOAA20_NRT-2026-09-24-2.csv,jharia,VIIRS_NOAA20_NRT,2026-09-24,2,2026-09-27T09:34:39Z,200,9,0f902dfc43fa826493233271820576cd37f7b81933498f829a46c5ff8047c6cb
jharia-VIIRS_NOAA20_SP-2026-03-30-5.csv,jharia,VIIRS_NOAA20_SP,2026-03-30,5,2026-09-27T09:30:02Z,200,359,eb8c406f7d4ab662efeae47a5489cfc5a7c0050d31f069252914dd8978f30e19
jharia-VIIRS_NOAA20_SP-2026-04-04-5.csv,jharia,VIIRS_NOAA20_SP,2026-04-04,5,2026-09-27T09:30:05Z,200,160,8f938d862e364b8ac4cd9a087c8056ced46082db9a01d2207b820d06e84afeec
jharia-VIIRS_NOAA20_SP-2026-04-09-5.csv,jharia,VIIRS_NOAA20_SP,2026-04-09,5,2026-09-27T09:32:51Z,200,325,22c15fef6f6d36b2057828c64253f9f5a31e50e91051e99cbf114c4faf9768c5
jharia-VIIRS_NOAA20_SP-2026-04-14-5.csv,jharia,VIIRS_NOAA20_SP,2026-04-14,5,2026-09-27T09:32:54Z,200,301,6accfbaf4c3853e28a7c6b2a2ba5dcafec229ef68a15112ba75b0b0987470690
jharia-VIIRS_NOAA20_SP-2026-04-19-5.csv,jharia,VIIRS_NOAA20_SP,2026-04-19,5,2026-09-27T09:32:59Z,200,301,af0b68ed44f3b3ce7b1b67d8b7c325c8164a7a2f2a6dfc21f0310c37c8b54e70
jharia-VIIRS_NOAA20_SP-2026-04-24-5.csv,jharia,VIIRS_NOAA20_SP,2026-04-24,5,2026-09-27T09:33:03Z,200,204,b932f9e7f013dc73e071f324c35d1d87085db430090cb2a54b0a7ab538a1aa68
jharia-VIIRS_NOAA20_SP-2026-04-29-5.csv,jharia,VIIRS_NOAA20_SP,2026-04-29,5,2026-09-27T09:33:06Z,200,264,fc543d7b946e9db266ed98e7f089d1bdfc75756ea10708f921e56c6272e3ec98
jharia-VIIRS_NOAA20_SP-2026-05-04-5.csv,jharia,VIIRS_NOAA20_SP,2026-05-04,5,2026-09-27T09:33:09Z,200,157,a66cd9a175fe8f8f5592feffeb3cbc8b74aacb256d9f36a894573be680defd46
jharia-VIIRS_NOAA20_SP-2026-05-09-5.csv,jharia,VIIRS_NOAA20_SP,2026-05-09,5,2026-09-27T09:33:13Z,200,231,d901e74fcdf3c00a73e928eabfb513b1278458dfdbd7874885a86dc986275401
jharia-VIIRS_NOAA20_SP-2026-05-14-5.csv,jharia,VIIRS_NOAA20_SP,2026-05-14,5,2026-09-27T09:33:16Z,200,271,76e38a58e3652a9e04931b1cf8240915ace908e540724f5d2af34ab8b013b244
jharia-VIIRS_NOAA20_SP-2026-05-19-5.csv,jharia,VIIRS_NOAA20_SP,2026-05-19,5,2026-09-27T09:33:19Z,200,169,f3ee0f4bdab14381f40af7359932ebe04cd223c420f8435f1377b381a8ffe308
jharia-VIIRS_NOAA20_SP-2026-05-24-5.csv,jharia,VIIRS_NOAA20_SP,2026-05-24,5,2026-09-27T09:33:23Z,200,179,233ffe5675b13dbe6da986cd0bad7d4f545e700773fafcc91293b8431288b1a8
jharia-VIIRS_NOAA20_SP-2026-05-29-5.csv,jharia,VIIRS_NOAA20_SP,2026-05-29,5,2026-09-27T09:33:27Z,200,211,09c4138559fbed3a6e0d61f9d615d8ca11296db9aafe4f1893a0aba8f6e02ae2
jharia-VIIRS_NOAA20_SP-2026-06-03-5.csv,jharia,VIIRS_NOAA20_SP,2026-06-03,5,2026-09-27T09:33:29Z,200,113,f417a5b31b440d49e93820151ad50fe3c4953ad13ba04634a82a99d0870be052
jharia-VIIRS_NOAA20_SP-2026-06-08-5.csv,jharia,VIIRS_NOAA20_SP,2026-06-08,5,2026-09-27T09:33:32Z,200,77,1151455bde571b34600dde8a1104090d45172583b2fc94dbd4a85ab42a301e8e
jharia-VIIRS_NOAA20_SP-2026-06-13-5.csv,jharia,VIIRS_NOAA20_SP,2026-06-13,5,2026-09-27T09:33:35Z,200,222,751f7bf59b2fa01611ee96678a309b98339e20386826ba3fe076556c47164c0c
jharia-VIIRS_NOAA20_SP-2026-06-18-5.csv,jharia,VIIRS_NOAA20_SP,2026-06-18,5,2026-09-27T09:33:38Z,200,56,9df8b513fe5e0e2fa338946997bf8566a43fe105cb58dab32d584b30c09d0613
jharia-VIIRS_NOAA20_SP-2026-06-23-5.csv,jharia,VIIRS_NOAA20_SP,2026-06-23,5,2026-09-27T09:33:41Z,200,152,5845e9800614ea030f4ea4f5d9b614e0d2b09b57b0bc1ee7d2a9facd96d95420
jharia-VIIRS_NOAA20_SP-2026-06-28-3.csv,jharia,VIIRS_NOAA20_SP,2026-06-28,3,2026-09-27T09:33:44Z,200,41,acc9e49ed10ec6d0b2c576a87d295c421fa332c3276b7312c12ee24f2b00b87f
kgbasin-VIIRS_NOAA20_NRT-2026-07-01-5.csv,kgbasin,VIIRS_NOAA20_NRT,2026-07-01,5,2026-09-27T09:55:48Z,200,0,2b11a44667d05367ecf77651b95fd3d34c545c7ec154856094b91245e41ae697
kgbasin-VIIRS_NOAA20_NRT-2026-07-06-5.csv,kgbasin,VIIRS_NOAA20_NRT,2026-07-06,5,2026-09-27T09:55:52Z,200,0,2b11a44667d05367ecf77651b95fd3d34c545c7ec154856094b91245e41ae697
kgbasin-VIIRS_NOAA20_NRT-2026-07-11-5.csv,kgbasin,VIIRS_NOAA20_NRT,2026-07-11,5,2026-09-27T09:55:55Z,200,0,2b11a44667d05367ecf77651b95fd3d34c545c7ec154856094b91245e41ae697
kgbasin-VIIRS_NOAA20_NRT-2026-07-16-5.csv,kgbasin,VIIRS_NOAA20_NRT,2026-07-16,5,2026-09-27T09:55:58Z,200,0,2b11a44667d05367ecf77651b95fd3d34c545c7ec154856094b91245e41ae697
kgbasin-VIIRS_NOAA20_NRT-2026-07-21-5.csv,kgbasin,VIIRS_NOAA20_NRT,2026-07-21,5,2026-09-27T09:56:01Z,200,0,2b11a44667d05367ecf77651b95fd3d34c545c7ec154856094b91245e41ae697
kgbasin-VIIRS_NOAA20_NRT-2026-07-26-5.csv,kgbasin,VIIRS_NOAA20_NRT,2026-07-26,5,2026-09-27T09:56:04Z,200,0,2b11a44667d05367ecf77651b95fd3d34c545c7ec154856094b91245e41ae697
kgbasin-VIIRS_NOAA20_NRT-2026-07-31-5.csv,kgbasin,VIIRS_NOAA20_NRT,2026-07-31,5,2026-09-27T09:56:07Z,200,0,2b11a44667d05367ecf77651b95fd3d34c545c7ec154856094b91245e41ae697
kgbasin-VIIRS_NOAA20_NRT-2026-08-05-5.csv,kgbasin,VIIRS_NOAA20_NRT,2026-08-05,5,2026-09-27T09:56:10Z,200,0,2b11a44667d05367ecf77651b95fd3d34c545c7ec154856094b91245e41ae697
kgbasin-VIIRS_NOAA20_NRT-2026-08-10-5.csv,kgbasin,VIIRS_NOAA20_NRT,2026-08-10,5,2026-09-27T09:56:13Z,200,1,cbc509f2e53de18c09fee7993ac69ec486060ef193cded8dca0edfbe7cb6d99f
kgbasin-VIIRS_NOAA20_NRT-2026-08-15-5.csv,kgbasin,VIIRS_NOAA20_NRT,2026-08-15,5,2026-09-27T09:56:16Z,200,0,2b11a44667d05367ecf77651b95fd3d34c545c7ec154856094b91245e41ae697
kgbasin-VIIRS_NOAA20_NRT-2026-08-20-5.csv,kgbasin,VIIRS_NOAA20_NRT,2026-08-20,5,2026-09-27T09:56:19Z,200,0,2b11a44667d05367ecf77651b95fd3d34c545c7ec154856094b91245e41ae697
kgbasin-VIIRS_NOAA20_NRT-2026-08-25-5.csv,kgbasin,VIIRS_NOAA20_NRT,2026-08-25,5,2026-09-27T09:56:22Z,200,0,2b11a44667d05367ecf77651b95fd3d34c545c7ec154856094b91245e41ae697
kgbasin-VIIRS_NOAA20_NRT-2026-08-30-5.csv,kgbasin,VIIRS_NOAA20_NRT,2026-08-30,5,2026-09-27T09:56:25Z,200,0,2b11a44667d05367ecf77651b95fd3d34c545c7ec154856094b91245e41ae697
kgbasin-VIIRS_NOAA20_NRT-2026-09-04-5.csv,kgbasin,VIIRS_NOAA20_NRT,2026-09-04,5,2026-09-27T09:56:28Z,200,0,2b11a44667d05367ecf77651b95fd3d34c545c7ec154856094b91245e41ae697
kgbasin-VIIRS_NOAA20_NRT-2026-09-09-5.csv,kgbasin,VIIRS_NOAA20_NRT,2026-09-09,5,2026-09-27T09:56:31Z,200,0,2b11a44667d05367ecf77651b95fd3d34c545c7ec154856094b91245e41ae697
kgbasin-VIIRS_NOAA20_NRT-2026-09-14-5.csv,kgbasin,VIIRS_NOAA20_NRT,2026-09-14,5,2026-09-27T09:56:34Z,200,0,2b11a44667d05367ecf77651b95fd3d34c545c7ec154856094b91245e41ae697
kgbasin-VIIRS_NOAA20_NRT-2026-09-19-5.csv,kgbasin,VIIRS_NOAA20_NRT,2026-09-19,5,2026-09-27T09:56:37Z,200,0,2b11a44667d05367ecf77651b95fd3d34c545c7ec154856094b91245e41ae697
kgbasin-VIIRS_NOAA20_NRT-2026-09-24-2.csv,kgbasin,VIIRS_NOAA20_NRT,2026-09-24,2,2026-09-27T09:56:40Z,200,0,2b11a44667d05367ecf77651b95fd3d34c545c7ec154856094b91245e41ae697
kgbasin-VIIRS_NOAA20_SP-2026-03-30-5.csv,kgbasin,VIIRS_NOAA20_SP,2026-03-30,5,2026-09-27T09:54:53Z,200,3,936741c87c00660a93d05621303e61fe623f66dcac821bcaa4192ae452e41876
kgbasin-VIIRS_NOAA20_SP-2026-04-04-5.csv,kgbasin,VIIRS_NOAA20_SP,2026-04-04,5,2026-09-27T09:54:56Z,200,7,300e70c68ac57f843c1be91da6b99bf3b7d9102210a39b8d328e48229cb31d66
kgbasin-VIIRS_NOAA20_SP-2026-04-09-5.csv,kgbasin,VIIRS_NOAA20_SP,2026-04-09,5,2026-09-27T09:54:59Z,200,3,8fc8114320bc4fa929b78146e9585791d5254b4cdc6d4cdee26d8dec96d63de7
kgbasin-VIIRS_NOAA20_SP-2026-04-14-5.csv,kgbasin,VIIRS_NOAA20_SP,2026-04-14,5,2026-09-27T09:55:02Z,200,6,1fbd2768119a188cec40ff006d27d1bc2e1ae1b77a81000eaba31ac6c14aa9c5
kgbasin-VIIRS_NOAA20_SP-2026-04-19-5.csv,kgbasin,VIIRS_NOAA20_SP,2026-04-19,5,2026-09-27T09:55:04Z,200,7,de9e026918deeb2aeec2125e320a23cf39d776fed2c2e0502361a57b9bdb2e37
kgbasin-VIIRS_NOAA20_SP-2026-04-24-5.csv,kgbasin,VIIRS_NOAA20_SP,2026-04-24,5,2026-09-27T09:55:08Z,200,1,e7082b7743f3746ac0e9b81230ecc34ffa765899f8feb94973f52167056a5664
kgbasin-VIIRS_NOAA20_SP-2026-04-29-5.csv,kgbasin,VIIRS_NOAA20_SP,2026-04-29,5,2026-09-27T09:55:11Z,200,1,3ff3e3326121e8186effca6be284030223d2ed2cc29a61b1afec63da2b046640
kgbasin-VIIRS_NOAA20_SP-2026-05-04-5.csv,kgbasin,VIIRS_NOAA20_SP,2026-05-04,5,2026-09-27T09:55:13Z,200,13,ad390535957b83d35e4d1a0ca386a1c40490a9f00bbe8a7c9879b416bb139ea8
kgbasin-VIIRS_NOAA20_SP-2026-05-09-5.csv,kgbasin,VIIRS_NOAA20_SP,2026-05-09,5,2026-09-27T09:55:16Z,200,120,013e788d454c964bb02bbfb0be7e27909c8a3ad63914b489513c66ab25bc3461
kgbasin-VIIRS_NOAA20_SP-2026-05-14-5.csv,kgbasin,VIIRS_NOAA20_SP,2026-05-14,5,2026-09-27T09:55:19Z,200,102,885d118f73719f48834306f1d78f47aa43d0967e698cf3030a022e2a880993b8
kgbasin-VIIRS_NOAA20_SP-2026-05-19-5.csv,kgbasin,VIIRS_NOAA20_SP,2026-05-19,5,2026-09-27T09:55:23Z,200,52,64cb9788e49941a2d0cba9b70830f6d1a038aa8729ddf52135302d49dec64552
kgbasin-VIIRS_NOAA20_SP-2026-05-24-5.csv,kgbasin,VIIRS_NOAA20_SP,2026-05-24,5,2026-09-27T09:55:25Z,200,99,220383133ec41df695782a2b09b07ef0f48a48562178c9b2f80a6a763185ca5e
kgbasin-VIIRS_NOAA20_SP-2026-05-29-5.csv,kgbasin,VIIRS_NOAA20_SP,2026-05-29,5,2026-09-27T09:55:28Z,200,29,5ff7c0da206c196a403c413284f0824f401c63798a2b42c76ef82f78d0e93f42
kgbasin-VIIRS_NOAA20_SP-2026-06-03-5.csv,kgbasin,VIIRS_NOAA20_SP,2026-06-03,5,2026-09-27T09:55:31Z,200,54,a4e71ba48cc44c4b1e4edc3a4b77efe2201281be2f8632bdbb1821e80877a5bf
kgbasin-VIIRS_NOAA20_SP-2026-06-08-5.csv,kgbasin,VIIRS_NOAA20_SP,2026-06-08,5,2026-09-27T09:55:34Z,200,18,727afe41a2dee488f0f758f0cfccc50b7dfe3dca0a47bf9de8874b0d3c3f6994
kgbasin-VIIRS_NOAA20_SP-2026-06-13-5.csv,kgbasin,VIIRS_NOAA20_SP,2026-06-13,5,2026-09-27T09:55:37Z,200,2,44f3ce288db2874c1c975837bb7612f70bba4be406964b20fac925658f013880
kgbasin-VIIRS_NOAA20_SP-2026-06-18-5.csv,kgbasin,VIIRS_NOAA20_SP,2026-06-18,5,2026-09-27T09:55:40Z,200,0,3505bc30679b4672e35048d886860827f74a34968ca654b30a18b6ab231990fd
kgbasin-VIIRS_NOAA20_SP-2026-06-23-5.csv,kgbasin,VIIRS_NOAA20_SP,2026-06-23,5,2026-09-27T09:55:43Z,200,0,3505bc30679b4672e35048d886860827f74a34968ca654b30a18b6ab231990fd
kgbasin-VIIRS_NOAA20_SP-2026-06-28-3.csv,kgbasin,VIIRS_NOAA20_SP,2026-06-28,3,2026-09-27T09:55:46Z,200,0,3505bc30679b4672e35048d886860827f74a34968ca654b30a18b6ab231990fd
korba-VIIRS_NOAA20_NRT-2026-07-01-5.csv,korba,VIIRS_NOAA20_NRT,2026-07-01,5,2026-09-27T09:35:46Z,200,0,2b11a44667d05367ecf77651b95fd3d34c545c7ec154856094b91245e41ae697
korba-VIIRS_NOAA20_NRT-2026-07-06-5.csv,korba,VIIRS_NOAA20_NRT,2026-07-06,5,2026-09-27T09:35:49Z,200,4,c5e68868955b767a5d0b7286d961bb416b8f1ae3541466bccb64d22340059085
korba-VIIRS_NOAA20_NRT-2026-07-11-5.csv,korba,VIIRS_NOAA20_NRT,2026-07-11,5,2026-09-27T09:35:52Z,200,18,a14665533fbe181c698c09252b735530cddc5bbc314fbd126176588d70818f68
korba-VIIRS_NOAA20_NRT-2026-07-16-5.csv,korba,VIIRS_NOAA20_NRT,2026-07-16,5,2026-09-27T09:35:55Z,200,0,2b11a44667d05367ecf77651b95fd3d34c545c7ec154856094b91245e41ae697
korba-VIIRS_NOAA20_NRT-2026-07-21-5.csv,korba,VIIRS_NOAA20_NRT,2026-07-21,5,2026-09-27T09:35:58Z,200,0,2b11a44667d05367ecf77651b95fd3d34c545c7ec154856094b91245e41ae697
korba-VIIRS_NOAA20_NRT-2026-07-26-5.csv,korba,VIIRS_NOAA20_NRT,2026-07-26,5,2026-09-27T09:36:01Z,200,0,2b11a44667d05367ecf77651b95fd3d34c545c7ec154856094b91245e41ae697
korba-VIIRS_NOAA20_NRT-2026-07-31-5.csv,korba,VIIRS_NOAA20_NRT,2026-07-31,5,2026-09-27T09:36:04Z,200,17,8e6824bed8f775f20e75d8e68d0bc0b2fdf6769f8ff11249f4091a1f7826b777
korba-VIIRS_NOAA20_NRT-2026-08-05-5.csv,korba,VIIRS_NOAA20_NRT,2026-08-05,5,2026-09-27T09:36:07Z,200,1,db8bbb13fd32e2dc4b4e1fb9bf10c1cfe56622a2430596d7f5b232515dabf610
korba-VIIRS_NOAA20_NRT-2026-08-10-5.csv,korba,VIIRS_NOAA20_NRT,2026-08-10,5,2026-09-27T09:36:11Z,200,4,6dc352b38b5e13e5d07a5b97c0bc1e4cb0bac0e7973b98c3c5c73327e6f9242b
korba-VIIRS_NOAA20_NRT-2026-08-15-5.csv,korba,VIIRS_NOAA20_NRT,2026-08-15,5,2026-09-27T09:36:14Z,200,0,2b11a44667d05367ecf77651b95fd3d34c545c7ec154856094b91245e41ae697
korba-VIIRS_NOAA20_NRT-2026-08-20-5.csv,korba,VIIRS_NOAA20_NRT,2026-08-20,5,2026-09-27T09:36:17Z,200,4,fbc6fdadc5ba33b1339596c9430202e8828f38aec88f44d247a56126aaa01424
korba-VIIRS_NOAA20_NRT-2026-08-25-5.csv,korba,VIIRS_NOAA20_NRT,2026-08-25,5,2026-09-27T09:36:21Z,200,2,ed8bd7c485f163669ac90d8d9d54309ca43130dd404f1229762c754db047d996
korba-VIIRS_NOAA20_NRT-2026-08-30-5.csv,korba,VIIRS_NOAA20_NRT,2026-08-30,5,2026-09-27T09:36:24Z,200,0,2b11a44667d05367ecf77651b95fd3d34c545c7ec154856094b91245e41ae697
korba-VIIRS_NOAA20_NRT-2026-09-04-5.csv,korba,VIIRS_NOAA20_NRT,2026-09-04,5,2026-09-27T09:36:28Z,200,38,c3379218d7d529a9f056adb8cc1fd4f2e5535da1d596e35eb490cb32ca5b2b52
korba-VIIRS_NOAA20_NRT-2026-09-09-5.csv,korba,VIIRS_NOAA20_NRT,2026-09-09,5,2026-09-27T09:36:31Z,200,4,9ff21aaff75619f6205a3344457006e9481e2b257b217bb53055a87e136ac365
korba-VIIRS_NOAA20_NRT-2026-09-14-5.csv,korba,VIIRS_NOAA20_NRT,2026-09-14,5,2026-09-27T09:36:34Z,200,55,bd09d13afe3bd65e27e9975abeea859e65bdbcef8965190b953c4a06994049a0
korba-VIIRS_NOAA20_NRT-2026-09-19-5.csv,korba,VIIRS_NOAA20_NRT,2026-09-19,5,2026-09-27T09:36:37Z,200,22,4f6c964556b1b94b0b3b6a821bf10d0fccc8236ac33610d14ac2e60174c4bd15
korba-VIIRS_NOAA20_NRT-2026-09-24-2.csv,korba,VIIRS_NOAA20_NRT,2026-09-24,2,2026-09-27T09:36:40Z,200,0,2b11a44667d05367ecf77651b95fd3d34c545c7ec154856094b91245e41ae697
korba-VIIRS_NOAA20_SP-2026-03-30-5.csv,korba,VIIRS_NOAA20_SP,2026-03-30,5,2026-09-27T09:34:43Z,200,107,8b26eb30df09fa297af63e7ed84e4630377cb9bd4a20c4bae0919f1f64add0d9
korba-VIIRS_NOAA20_SP-2026-04-04-5.csv,korba,VIIRS_NOAA20_SP,2026-04-04,5,2026-09-27T09:34:45Z,200,59,3e4692155b967d0a2dbdf8251023d45644d72579d888954950d377f6c1cc0118
korba-VIIRS_NOAA20_SP-2026-04-09-5.csv,korba,VIIRS_NOAA20_SP,2026-04-09,5,2026-09-27T09:34:48Z,200,213,f54ff44efc3b6c28be499b5add0653e3d3335eaf6d25babe0b2ad2d5422673b1
korba-VIIRS_NOAA20_SP-2026-04-14-5.csv,korba,VIIRS_NOAA20_SP,2026-04-14,5,2026-09-27T09:34:53Z,200,249,43078213a102f5c4189b3bd125e2c6d99fac068447c380ff0c6c5b6e54419ef1
korba-VIIRS_NOAA20_SP-2026-04-19-5.csv,korba,VIIRS_NOAA20_SP,2026-04-19,5,2026-09-27T09:34:56Z,200,331,f5e1ba74ba8d58ee3598bf7cbc1bbe6b9403050a7b4ad7653e9da18131d604ef
korba-VIIRS_NOAA20_SP-2026-04-24-5.csv,korba,VIIRS_NOAA20_SP,2026-04-24,5,2026-09-27T09:35:05Z,200,189,6c9f243e5b1fde6c7f2878ace6bc8dd1db34a33db25e26e8c86f2f68252223b6
korba-VIIRS_NOAA20_SP-2026-04-29-5.csv,korba,VIIRS_NOAA20_SP,2026-04-29,5,2026-09-27T09:35:08Z,200,57,f754fb26e452cebc66ecf432b74359fc5fdc2cc6b93995d075055ea1839b3fe3
korba-VIIRS_NOAA20_SP-2026-05-04-5.csv,korba,VIIRS_NOAA20_SP,2026-05-04,5,2026-09-27T09:35:11Z,200,74,56d3dc1445f2fe22a457319bce3493882206ec6d07172acb73aab0451554417f
korba-VIIRS_NOAA20_SP-2026-05-09-5.csv,korba,VIIRS_NOAA20_SP,2026-05-09,5,2026-09-27T09:35:14Z,200,75,7b63573caa4b6e74699833a598f3953336ece99ad2628df43789e4bda177ba84
korba-VIIRS_NOAA20_SP-2026-05-14-5.csv,korba,VIIRS_NOAA20_SP,2026-05-14,5,2026-09-27T09:35:17Z,200,18,eaa40d551f88b7e332cedffd2dc1c17c1becac96c9e5f0ff0183dd60e252eb50
korba-VIIRS_NOAA20_SP-2026-05-19-5.csv,korba,VIIRS_NOAA20_SP,2026-05-19,5,2026-09-27T09:35:19Z,200,65,b9d43c880ef9bcd688d35ff30e165585e34e14e3bb32226345ea49e28ec0a3bf
korba-VIIRS_NOAA20_SP-2026-05-24-5.csv,korba,VIIRS_NOAA20_SP,2026-05-24,5,2026-09-27T09:35:22Z,200,47,2f4267fe1033050964b59c6ef2549e907f1b90b2a26e7439a3b0d8829703c6f6
korba-VIIRS_NOAA20_SP-2026-05-29-5.csv,korba,VIIRS_NOAA20_SP,2026-05-29,5,2026-09-27T09:35:25Z,200,92,f593a82f32f9d2a90b3586bde57e2dccb115ea0aa964ab7e6b986e21e6b63354
korba-VIIRS_NOAA20_SP-2026-06-03-5.csv,korba,VIIRS_NOAA20_SP,2026-06-03,5,2026-09-27T09:35:28Z,200,116,cbe7d331e3811e2668068855719676fb1853adaacc70459c7632c761f4032a2e
korba-VIIRS_NOAA20_SP-2026-06-08-5.csv,korba,VIIRS_NOAA20_SP,2026-06-08,5,2026-09-27T09:35:31Z,200,48,6287a4fd14cb531e0a5c8a553d6a88659d149b08d9588f21ecd93fff70d89bd5
korba-VIIRS_NOAA20_SP-2026-06-13-5.csv,korba,VIIRS_NOAA20_SP,2026-06-13,5,2026-09-27T09:35:34Z,200,35,a22055cb1e7d213e075458f510bbf6c5708bca1f67cab61682b736efd51b848e
korba-VIIRS_NOAA20_SP-2026-06-18-5.csv,korba,VIIRS_NOAA20_SP,2026-06-18,5,2026-09-27T09:35:37Z,200,26,192fffd69e4b80b0d6cb96bd7434016bdcb626b3f688e550288c4cc9cda0ddca
korba-VIIRS_NOAA20_SP-2026-06-23-5.csv,korba,VIIRS_NOAA20_SP,2026-06-23,5,2026-09-27T09:35:40Z,200,57,ede18d11daaf758a90dae7e0897088b9bb30dd56b2b04e933f73e053590489e3
korba-VIIRS_NOAA20_SP-2026-06-28-3.csv,korba,VIIRS_NOAA20_SP,2026-06-28,3,2026-09-27T09:35:43Z,200,10,7435f18b7dd5110336cfe365f4a7a1fc2307c02c1932a560ec66d2631bea44c5
mathura-VIIRS_NOAA20_NRT-2026-07-01-5.csv,mathura,VIIRS_NOAA20_NRT,2026-07-01,5,2026-09-27T09:42:07Z,200,2,20850e78624073858352e6aa20e403250e5437725656339f69902d43e20f5581
mathura-VIIRS_NOAA20_NRT-2026-07-06-5.csv,mathura,VIIRS_NOAA20_NRT,2026-07-06,5,2026-09-27T09:42:10Z,200,1,3b7b9bccc02c89cc37c28960d3145cac7b5fba39fcfaf05ac4a7f278ce976ca4
mathura-VIIRS_NOAA20_NRT-2026-07-11-5.csv,mathura,VIIRS_NOAA20_NRT,2026-07-11,5,2026-09-27T09:42:13Z,200,2,beaf49916e45c127e94f8e244833ccccd18bc07e738c41aa531124ca549e5c3c
mathura-VIIRS_NOAA20_NRT-2026-07-16-5.csv,mathura,VIIRS_NOAA20_NRT,2026-07-16,5,2026-09-27T09:42:16Z,200,0,2b11a44667d05367ecf77651b95fd3d34c545c7ec154856094b91245e41ae697
mathura-VIIRS_NOAA20_NRT-2026-07-21-5.csv,mathura,VIIRS_NOAA20_NRT,2026-07-21,5,2026-09-27T09:42:18Z,200,0,2b11a44667d05367ecf77651b95fd3d34c545c7ec154856094b91245e41ae697
mathura-VIIRS_NOAA20_NRT-2026-07-26-5.csv,mathura,VIIRS_NOAA20_NRT,2026-07-26,5,2026-09-27T09:42:21Z,200,0,2b11a44667d05367ecf77651b95fd3d34c545c7ec154856094b91245e41ae697
mathura-VIIRS_NOAA20_NRT-2026-07-31-5.csv,mathura,VIIRS_NOAA20_NRT,2026-07-31,5,2026-09-27T09:42:24Z,200,0,2b11a44667d05367ecf77651b95fd3d34c545c7ec154856094b91245e41ae697
mathura-VIIRS_NOAA20_NRT-2026-08-05-5.csv,mathura,VIIRS_NOAA20_NRT,2026-08-05,5,2026-09-27T09:42:27Z,200,0,2b11a44667d05367ecf77651b95fd3d34c545c7ec154856094b91245e41ae697
mathura-VIIRS_NOAA20_NRT-2026-08-10-5.csv,mathura,VIIRS_NOAA20_NRT,2026-08-10,5,2026-09-27T09:42:30Z,200,0,2b11a44667d05367ecf77651b95fd3d34c545c7ec154856094b91245e41ae697
mathura-VIIRS_NOAA20_NRT-2026-08-15-5.csv,mathura,VIIRS_NOAA20_NRT,2026-08-15,5,2026-09-27T09:42:33Z,200,2,a4d12a423749d9bdd14643cd50e802c256a32ffeb786427f5cb731c8552f94a7
mathura-VIIRS_NOAA20_NRT-2026-08-20-5.csv,mathura,VIIRS_NOAA20_NRT,2026-08-20,5,2026-09-27T09:42:46Z,200,0,2b11a44667d05367ecf77651b95fd3d34c545c7ec154856094b91245e41ae697
mathura-VIIRS_NOAA20_NRT-2026-08-25-5.csv,mathura,VIIRS_NOAA20_NRT,2026-08-25,5,2026-09-27T09:42:49Z,200,0,2b11a44667d05367ecf77651b95fd3d34c545c7ec154856094b91245e41ae697
mathura-VIIRS_NOAA20_NRT-2026-08-30-5.csv,mathura,VIIRS_NOAA20_NRT,2026-08-30,5,2026-09-27T09:42:52Z,200,0,2b11a44667d05367ecf77651b95fd3d34c545c7ec154856094b91245e41ae697
mathura-VIIRS_NOAA20_NRT-2026-09-04-5.csv,mathura,VIIRS_NOAA20_NRT,2026-09-04,5,2026-09-27T09:42:55Z,200,0,2b11a44667d05367ecf77651b95fd3d34c545c7ec154856094b91245e41ae697
mathura-VIIRS_NOAA20_NRT-2026-09-09-5.csv,mathura,VIIRS_NOAA20_NRT,2026-09-09,5,2026-09-27T09:42:58Z,200,0,2b11a44667d05367ecf77651b95fd3d34c545c7ec154856094b91245e41ae697
mathura-VIIRS_NOAA20_NRT-2026-09-14-5.csv,mathura,VIIRS_NOAA20_NRT,2026-09-14,5,2026-09-27T09:43:01Z,200,0,2b11a44667d05367ecf77651b95fd3d34c545c7ec154856094b91245e41ae697
mathura-VIIRS_NOAA20_NRT-2026-09-19-5.csv,mathura,VIIRS_NOAA20_NRT,2026-09-19,5,2026-09-27T09:43:03Z,200,3,96be235971e2239b42cfa0e84b31149d885bc4aee816c45935e24e868fca7eb9
mathura-VIIRS_NOAA20_NRT-2026-09-24-2.csv,mathura,VIIRS_NOAA20_NRT,2026-09-24,2,2026-09-27T09:43:07Z,200,0,2b11a44667d05367ecf77651b95fd3d34c545c7ec154856094b91245e41ae697
mathura-VIIRS_NOAA20_SP-2026-03-30-5.csv,mathura,VIIRS_NOAA20_SP,2026-03-30,5,2026-09-27T09:40:59Z,200,0,3505bc30679b4672e35048d886860827f74a34968ca654b30a18b6ab231990fd
mathura-VIIRS_NOAA20_SP-2026-04-04-5.csv,mathura,VIIRS_NOAA20_SP,2026-04-04,5,2026-09-27T09:41:02Z,200,1,3e39813fb28d66be07a9c05d9b20fc6889dfbf71db7d33bec2f39baa2193f4af
mathura-VIIRS_NOAA20_SP-2026-04-09-5.csv,mathura,VIIRS_NOAA20_SP,2026-04-09,5,2026-09-27T09:41:04Z,200,6,db7f13e15afdcbc496a319b15c04ab06d4b4dbb46c97c64d8a25e7aec244ba32
mathura-VIIRS_NOAA20_SP-2026-04-14-5.csv,mathura,VIIRS_NOAA20_SP,2026-04-14,5,2026-09-27T09:41:07Z,200,9,2053b152f35e54022b3fd91577bed9b77483bce7eb940d58ca528334dce7d790
mathura-VIIRS_NOAA20_SP-2026-04-19-5.csv,mathura,VIIRS_NOAA20_SP,2026-04-19,5,2026-09-27T09:41:11Z,200,29,efe09e984f37c37f381f8528602e561ad63fbc3553611538fdf9652b629efd3a
mathura-VIIRS_NOAA20_SP-2026-04-24-5.csv,mathura,VIIRS_NOAA20_SP,2026-04-24,5,2026-09-27T09:41:13Z,200,133,3368c112f5a724f6e1a80819d9914d651bf28efab83eec3eaa1e6bb7033173b0
mathura-VIIRS_NOAA20_SP-2026-04-29-5.csv,mathura,VIIRS_NOAA20_SP,2026-04-29,5,2026-09-27T09:41:17Z,200,40,6e5649284fc76f85baa9414517d7c4478498658975676d56a93e934be73c02a5
mathura-VIIRS_NOAA20_SP-2026-05-04-5.csv,mathura,VIIRS_NOAA20_SP,2026-05-04,5,2026-09-27T09:41:25Z,200,17,166e259b40994a94b8d9c5d4d7e4679f353b8d74c6c49323f0ee2961da66341d
mathura-VIIRS_NOAA20_SP-2026-05-09-5.csv,mathura,VIIRS_NOAA20_SP,2026-05-09,5,2026-09-27T09:41:28Z,200,14,7dc118baaa47792834f3da460c42867c7c7dc187d19d81e51073cc1341d0f568
mathura-VIIRS_NOAA20_SP-2026-05-14-5.csv,mathura,VIIRS_NOAA20_SP,2026-05-14,5,2026-09-27T09:41:35Z,200,5,425c387c893c39acb3da6d16df67d6aa145b143a62291d5d9ad990e42d0caac3
mathura-VIIRS_NOAA20_SP-2026-05-19-5.csv,mathura,VIIRS_NOAA20_SP,2026-05-19,5,2026-09-27T09:41:38Z,200,5,db282d9b6128c5e6723781fb2cd984e07639866f713071aa0b2a6321980cc8af
mathura-VIIRS_NOAA20_SP-2026-05-24-5.csv,mathura,VIIRS_NOAA20_SP,2026-05-24,5,2026-09-27T09:41:41Z,200,3,a7a0dfe75f9243da4fb7f9d087ad4942db26c74bdc04046bcdb8b2deadc43a66
mathura-VIIRS_NOAA20_SP-2026-05-29-5.csv,mathura,VIIRS_NOAA20_SP,2026-05-29,5,2026-09-27T09:41:44Z,200,0,3505bc30679b4672e35048d886860827f74a34968ca654b30a18b6ab231990fd
mathura-VIIRS_NOAA20_SP-2026-06-03-5.csv,mathura,VIIRS_NOAA20_SP,2026-06-03,5,2026-09-27T09:41:47Z,200,0,3505bc30679b4672e35048d886860827f74a34968ca654b30a18b6ab231990fd
mathura-VIIRS_NOAA20_SP-2026-06-08-5.csv,mathura,VIIRS_NOAA20_SP,2026-06-08,5,2026-09-27T09:41:50Z,200,1,efa7b75e243b30316d3f97e876311616fa9f7330e6278bddaf790ade59cfa7f4
mathura-VIIRS_NOAA20_SP-2026-06-13-5.csv,mathura,VIIRS_NOAA20_SP,2026-06-13,5,2026-09-27T09:41:54Z,200,7,fc9164aed5c4dbd3752acb6bbd351efed6d6e60f87ec1f32e9c6edd7155ca139
mathura-VIIRS_NOAA20_SP-2026-06-18-5.csv,mathura,VIIRS_NOAA20_SP,2026-06-18,5,2026-09-27T09:41:56Z,200,6,3366760e70bc82d6472e4c8bd01e7fd9d95821600510c1c2fbb289d19ff24798
mathura-VIIRS_NOAA20_SP-2026-06-23-5.csv,mathura,VIIRS_NOAA20_SP,2026-06-23,5,2026-09-27T09:42:00Z,200,4,3f0f608eea792d497603c89a67876e0ccbd7168eff110792d3b3d55a65058a89
mathura-VIIRS_NOAA20_SP-2026-06-28-3.csv,mathura,VIIRS_NOAA20_SP,2026-06-28,3,2026-09-27T09:42:04Z,200,7,7a3080aa08010f750b0b7a0ce77c1c1c9482b8a87f2dab7b4628412fe24fbf39
mumbai-VIIRS_NOAA20_NRT-2026-07-01-5.csv,mumbai,VIIRS_NOAA20_NRT,2026-07-01,5,2026-09-27T09:49:27Z,200,0,2b11a44667d05367ecf77651b95fd3d34c545c7ec154856094b91245e41ae697
mumbai-VIIRS_NOAA20_NRT-2026-07-06-5.csv,mumbai,VIIRS_NOAA20_NRT,2026-07-06,5,2026-09-27T09:49:30Z,200,1,aa396a2b6fbceab491a87d944b5d733a81a5d989143ebb80bfd6952d1d50cb86
mumbai-VIIRS_NOAA20_NRT-2026-07-11-5.csv,mumbai,VIIRS_NOAA20_NRT,2026-07-11,5,2026-09-27T09:49:33Z,200,12,d0d50671eddc9e89e1b147b6d2c71721630104a285db32cafdce9046cf05890e
mumbai-VIIRS_NOAA20_NRT-2026-07-16-5.csv,mumbai,VIIRS_NOAA20_NRT,2026-07-16,5,2026-09-27T09:49:36Z,200,0,2b11a44667d05367ecf77651b95fd3d34c545c7ec154856094b91245e41ae697
mumbai-VIIRS_NOAA20_NRT-2026-07-21-5.csv,mumbai,VIIRS_NOAA20_NRT,2026-07-21,5,2026-09-27T09:49:44Z,200,0,2b11a44667d05367ecf77651b95fd3d34c545c7ec154856094b91245e41ae697
mumbai-VIIRS_NOAA20_NRT-2026-07-26-5.csv,mumbai,VIIRS_NOAA20_NRT,2026-07-26,5,2026-09-27T09:49:47Z,200,2,5c790a1af7fb6a4b8fd8b863f5a31600e43f052b5e7cd015133391897b59508a
mumbai-VIIRS_NOAA20_NRT-2026-07-31-5.csv,mumbai,VIIRS_NOAA20_NRT,2026-07-31,5,2026-09-27T09:49:51Z,200,0,2b11a44667d05367ecf77651b95fd3d34c545c7ec154856094b91245e41ae697
mumbai-VIIRS_NOAA20_NRT-2026-08-05-5.csv,mumbai,VIIRS_NOAA20_NRT,2026-08-05,5,2026-09-27T09:49:56Z,200,0,2b11a44667d05367ecf77651b95fd3d34c545c7ec154856094b91245e41ae697
mumbai-VIIRS_NOAA20_NRT-2026-08-10-5.csv,mumbai,VIIRS_NOAA20_NRT,2026-08-10,5,2026-09-27T09:49:59Z,200,1,4fe40281e1fd190fb7880887697f103414d3b6a8e784a8257dda82d2b8c34ed3
mumbai-VIIRS_NOAA20_NRT-2026-08-15-5.csv,mumbai,VIIRS_NOAA20_NRT,2026-08-15,5,2026-09-27T09:50:03Z,200,2,6055daffc5085188b812f8b54c09dbad54d9db7582aac1792fab43a8474c72db
mumbai-VIIRS_NOAA20_NRT-2026-08-20-5.csv,mumbai,VIIRS_NOAA20_NRT,2026-08-20,5,2026-09-27T09:50:06Z,200,6,0057674ed9a072076038c89c22ee88218069a29770201e90720f1e75a967da00
mumbai-VIIRS_NOAA20_NRT-2026-08-25-5.csv,mumbai,VIIRS_NOAA20_NRT,2026-08-25,5,2026-09-27T09:50:09Z,200,3,fb3a9ed5b42a068d8f883a57c26472e9147cc7ad5c5bfa4168190e5253abef53
mumbai-VIIRS_NOAA20_NRT-2026-08-30-5.csv,mumbai,VIIRS_NOAA20_NRT,2026-08-30,5,2026-09-27T09:50:12Z,200,6,529c28de5e13fb85a0e6647b7748f55c3c3e2a2d158e144f947094125a8ddb78
mumbai-VIIRS_NOAA20_NRT-2026-09-04-5.csv,mumbai,VIIRS_NOAA20_NRT,2026-09-04,5,2026-09-27T09:50:15Z,200,12,df94cb0dec07dcad64a0e14c79ea0ccbd2af5fe8db21075e713ed8313708e11c
mumbai-VIIRS_NOAA20_NRT-2026-09-09-5.csv,mumbai,VIIRS_NOAA20_NRT,2026-09-09,5,2026-09-27T09:50:18Z,200,8,620f99e53d50f187d24bec57bad8e5c0a59318a426307c7ad150c227c1626b3d
mumbai-VIIRS_NOAA20_NRT-2026-09-14-5.csv,mumbai,VIIRS_NOAA20_NRT,2026-09-14,5,2026-09-27T09:50:21Z,200,12,c2fd8d45f6dc547a7a937a555fbb6aafd09adbcb69bba99aee1fb3b701106734
mumbai-VIIRS_NOAA20_NRT-2026-09-19-5.csv,mumbai,VIIRS_NOAA20_NRT,2026-09-19,5,2026-09-27T09:50:24Z,200,8,cd98703d0433e0b6a585353632092c4cdfdb797556588a4b9a197701df411489
mumbai-VIIRS_NOAA20_NRT-2026-09-24-2.csv,mumbai,VIIRS_NOAA20_NRT,2026-09-24,2,2026-09-27T09:50:26Z,200,4,2be49a00d45465fab616f29e8c5525d828811c08c17ad02d1288407662759fc5
mumbai-VIIRS_NOAA20_SP-2026-03-30-5.csv,mumbai,VIIRS_NOAA20_SP,2026-03-30,5,2026-09-27T09:47:44Z,200,125,ed9c1885926ec55407a630f4f4e2966e45622cedb9b9fc595200cb633809cef2
mumbai-VIIRS_NOAA20_SP-2026-04-04-5.csv,mumbai,VIIRS_NOAA20_SP,2026-04-04,5,2026-09-27T09:47:47Z,200,138,95194bbf6465b3227bd6b003068eead25ce227018a094866fc397a8097db2d42
mumbai-VIIRS_NOAA20_SP-2026-04-09-5.csv,mumbai,VIIRS_NOAA20_SP,2026-04-09,5,2026-09-27T09:47:51Z,200,136,c8d0dde8954867f990d4e3905c3d305fffd479c82e3a0a844a24ffe394c1ac77
mumbai-VIIRS_NOAA20_SP-2026-04-14-5.csv,mumbai,VIIRS_NOAA20_SP,2026-04-14,5,2026-09-27T09:47:54Z,200,77,6642a79ca0b6d319f8fba2f6ae690118d121047ba42a154908ff1c8be3b9021d
mumbai-VIIRS_NOAA20_SP-2026-04-19-5.csv,mumbai,VIIRS_NOAA20_SP,2026-04-19,5,2026-09-27T09:47:58Z,200,111,2195fd80391ad06bbdc0a712416e8bc77979673a601ba4bedf33be7900c00f17
mumbai-VIIRS_NOAA20_SP-2026-04-24-5.csv,mumbai,VIIRS_NOAA20_SP,2026-04-24,5,2026-09-27T09:48:02Z,200,114,2a004d34f9d09cea67be5d7790ab57b9dac1fbad56e256d216f8a3dd910c8998
mumbai-VIIRS_NOAA20_SP-2026-04-29-5.csv,mumbai,VIIRS_NOAA20_SP,2026-04-29,5,2026-09-27T09:48:06Z,200,106,8431ba41c87363b1bc2f27cbfc4e6fe62d006f4a61b147850530b3ca6b68e450
mumbai-VIIRS_NOAA20_SP-2026-05-04-5.csv,mumbai,VIIRS_NOAA20_SP,2026-05-04,5,2026-09-27T09:48:09Z,200,101,7d55d3391d53c54d9d0a8f8db7c07b3a909b327eb4090c7ff6fadc24b79e4f41
mumbai-VIIRS_NOAA20_SP-2026-05-09-5.csv,mumbai,VIIRS_NOAA20_SP,2026-05-09,5,2026-09-27T09:48:53Z,200,118,c0b595184a7b670f22b708cfdf7910abedebfe5b2abfa7f81ed481196eea970c
mumbai-VIIRS_NOAA20_SP-2026-05-14-5.csv,mumbai,VIIRS_NOAA20_SP,2026-05-14,5,2026-09-27T09:48:56Z,200,57,b27c55331e6890e7444b2c2f7f13d02e7c116b43d66612480ad6ce2d1ca56d45
mumbai-VIIRS_NOAA20_SP-2026-05-19-5.csv,mumbai,VIIRS_NOAA20_SP,2026-05-19,5,2026-09-27T09:48:59Z,200,42,2b47a81e3aac7b86757df3e72ad3ab12e86a69623da40f1fd9a68ef01c185dfd
mumbai-VIIRS_NOAA20_SP-2026-05-24-5.csv,mumbai,VIIRS_NOAA20_SP,2026-05-24,5,2026-09-27T09:49:02Z,200,52,c01592fb68386991da797ad81f9e89a84449d5bfc1ef1b30d5d746667d33cbbf
mumbai-VIIRS_NOAA20_SP-2026-05-29-5.csv,mumbai,VIIRS_NOAA20_SP,2026-05-29,5,2026-09-27T09:49:05Z,200,69,d68d3cd1788aaa11d478eb5ebe0cc6d41021424e3160a698145e3b2e0c8bcb21
mumbai-VIIRS_NOAA20_SP-2026-06-03-5.csv,mumbai,VIIRS_NOAA20_SP,2026-06-03,5,2026-09-27T09:49:09Z,200,43,9efe655ba6fbbff8d98a5f6488244bc32688c95bc4c3333fd4fc97a7ced91ce6
mumbai-VIIRS_NOAA20_SP-2026-06-08-5.csv,mumbai,VIIRS_NOAA20_SP,2026-06-08,5,2026-09-27T09:49:12Z,200,41,6be74f5f2a2eae26585cf91fbdbd9f1fc4463edf8de418380cfff083e537d35b
mumbai-VIIRS_NOAA20_SP-2026-06-13-5.csv,mumbai,VIIRS_NOAA20_SP,2026-06-13,5,2026-09-27T09:49:15Z,200,43,5f7475dd7cf0f68aee973172adeb810f6165ae23668476760b62b62310b23f3f
mumbai-VIIRS_NOAA20_SP-2026-06-18-5.csv,mumbai,VIIRS_NOAA20_SP,2026-06-18,5,2026-09-27T09:49:18Z,200,22,f0d83d07cf840cc650af785afc96eb9716ba868d95f4e65d67237a1412f16d74
mumbai-VIIRS_NOAA20_SP-2026-06-23-5.csv,mumbai,VIIRS_NOAA20_SP,2026-06-23,5,2026-09-27T09:49:21Z,200,4,c1989652f3b63dac8366fc1665dd2f4ca40c836a17e22a69278b468bcbdae36b
mumbai-VIIRS_NOAA20_SP-2026-06-28-3.csv,mumbai,VIIRS_NOAA20_SP,2026-06-28,3,2026-09-27T09:49:24Z,200,0,3505bc30679b4672e35048d886860827f74a34968ca654b30a18b6ab231990fd
panipat-VIIRS_NOAA20_NRT-2026-07-01-5.csv,panipat,VIIRS_NOAA20_NRT,2026-07-01,5,2026-09-27T09:44:10Z,200,0,2b11a44667d05367ecf77651b95fd3d34c545c7ec154856094b91245e41ae697
panipat-VIIRS_NOAA20_NRT-2026-07-06-5.csv,panipat,VIIRS_NOAA20_NRT,2026-07-06,5,2026-09-27T09:44:12Z,200,2,afbf4f86bb898f15807929f5281ed8589a49d99340f2360db7fff2a0971344a5
panipat-VIIRS_NOAA20_NRT-2026-07-11-5.csv,panipat,VIIRS_NOAA20_NRT,2026-07-11,5,2026-09-27T09:44:15Z,200,0,2b11a44667d05367ecf77651b95fd3d34c545c7ec154856094b91245e41ae697
panipat-VIIRS_NOAA20_NRT-2026-07-16-5.csv,panipat,VIIRS_NOAA20_NRT,2026-07-16,5,2026-09-27T09:44:18Z,200,0,2b11a44667d05367ecf77651b95fd3d34c545c7ec154856094b91245e41ae697
panipat-VIIRS_NOAA20_NRT-2026-07-21-5.csv,panipat,VIIRS_NOAA20_NRT,2026-07-21,5,2026-09-27T09:44:21Z,200,4,41f897aba0adc1d16a522e42e58652d11a05e8dca3ece8dad964e441f5ee3588
panipat-VIIRS_NOAA20_NRT-2026-07-26-5.csv,panipat,VIIRS_NOAA20_NRT,2026-07-26,5,2026-09-27T09:44:24Z,200,1,45750a48c3e34f8e45794e7ed57b2e4136b1cd9ee092f1a5f904567f645f8e8a
panipat-VIIRS_NOAA20_NRT-2026-07-31-5.csv,panipat,VIIRS_NOAA20_NRT,2026-07-31,5,2026-09-27T09:44:27Z,200,2,2e7e2192a6f0408cc1210e1ec5e115fb2613d6813102a97e1a453fee05570b17
panipat-VIIRS_NOAA20_NRT-2026-08-05-5.csv,panipat,VIIRS_NOAA20_NRT,2026-08-05,5,2026-09-27T09:44:30Z,200,2,2310883e0ae36a3cf1171030a1f2ddc7e20579369db1c1569557ae56491a62a7
panipat-VIIRS_NOAA20_NRT-2026-08-10-5.csv,panipat,VIIRS_NOAA20_NRT,2026-08-10,5,2026-09-27T09:44:35Z,200,2,07e86d65174aa2add018138b4e81a320332e7d811478304440cb635b7d1154c1
panipat-VIIRS_NOAA20_NRT-2026-08-15-5.csv,panipat,VIIRS_NOAA20_NRT,2026-08-15,5,2026-09-27T09:44:39Z,200,3,83935468ab4debbf6f3aa3009f29ed242a85e8643b0828d6918f02f83fe70484
panipat-VIIRS_NOAA20_NRT-2026-08-20-5.csv,panipat,VIIRS_NOAA20_NRT,2026-08-20,5,2026-09-27T09:44:42Z,200,11,54fa9c11d0c7d87e132d0a12294ab2e35053b00b28e4121774845a5ebea479cd
panipat-VIIRS_NOAA20_NRT-2026-08-25-5.csv,panipat,VIIRS_NOAA20_NRT,2026-08-25,5,2026-09-27T09:44:46Z,200,9,a93daa752ba8b8feadeda4cb8961ddf121118b66e23417c3ade0acd8436a08e8
panipat-VIIRS_NOAA20_NRT-2026-08-30-5.csv,panipat,VIIRS_NOAA20_NRT,2026-08-30,5,2026-09-27T09:44:50Z,200,10,33fc7aa2f2e7b31ca86adec4b28e38dba61dd332a4822aa392629e4a1245ddfa
panipat-VIIRS_NOAA20_NRT-2026-09-04-5.csv,panipat,VIIRS_NOAA20_NRT,2026-09-04,5,2026-09-27T09:44:54Z,200,5,b0ae0b5c8671586a2ab0c8c5dbbabb182e923b29d7f026993e88b66c791afec4
panipat-VIIRS_NOAA20_NRT-2026-09-09-5.csv,panipat,VIIRS_NOAA20_NRT,2026-09-09,5,2026-09-27T09:44:57Z,200,3,698379c8b3960f38ba7a241fa65820054252ee05a1cc1b4ef07597908d55cef3
panipat-VIIRS_NOAA20_NRT-2026-09-14-5.csv,panipat,VIIRS_NOAA20_NRT,2026-09-14,5,2026-09-27T09:45:00Z,200,0,2b11a44667d05367ecf77651b95fd3d34c545c7ec154856094b91245e41ae697
panipat-VIIRS_NOAA20_NRT-2026-09-19-5.csv,panipat,VIIRS_NOAA20_NRT,2026-09-19,5,2026-09-27T09:45:03Z,200,1,e27301f1a9c17c7efa2cf05ed5e714633cf233b2a09a27879b3c2165773ebd9a
panipat-VIIRS_NOAA20_NRT-2026-09-24-2.csv,panipat,VIIRS_NOAA20_NRT,2026-09-24,2,2026-09-27T09:45:05Z,200,0,2b11a44667d05367ecf77651b95fd3d34c545c7ec154856094b91245e41ae697
panipat-VIIRS_NOAA20_SP-2026-03-30-5.csv,panipat,VIIRS_NOAA20_SP,2026-03-30,5,2026-09-27T09:43:10Z,200,2,5d61d25d35a2651fe52a00737d94213b76fbd1e99d98a6faf2b9392a75760558
panipat-VIIRS_NOAA20_SP-2026-04-04-5.csv,panipat,VIIRS_NOAA20_SP,2026-04-04,5,2026-09-27T09:43:13Z,200,2,0e6eb28e33d022ba35c3dac3b07566d52388e4dab3704172c8c97b03fd17e12c
panipat-VIIRS_NOAA20_SP-2026-04-09-5.csv,panipat,VIIRS_NOAA20_SP,2026-04-09,5,2026-09-27T09:43:16Z,200,22,720a731e7d7aff732325500a663c86478e62307fb37667a3dbd034b2ff1339e1
panipat-VIIRS_NOAA20_SP-2026-04-14-5.csv,panipat,VIIRS_NOAA20_SP,2026-04-14,5,2026-09-27T09:43:18Z,200,17,b9a90fc3bca848c54dafbf2325b75b42d07ba2da02cf098601a70e1ded462553
panipat-VIIRS_NOAA20_SP-2026-04-19-5.csv,panipat,VIIRS_NOAA20_SP,2026-04-19,5,2026-09-27T09:43:22Z,200,66,cc6669106bd3d3c94283658eb903a75ee869d46611943022f4a159e3b41359fd
panipat-VIIRS_NOAA20_SP-2026-04-24-5.csv,panipat,VIIRS_NOAA20_SP,2026-04-24,5,2026-09-27T09:43:26Z,200,395,d8bc350584b9891a1b951367a0ef2d7963b4714e3a093fbcbc0abfcfc7177f51
panipat-VIIRS_NOAA20_SP-2026-04-29-5.csv,panipat,VIIRS_NOAA20_SP,2026-04-29,5,2026-09-27T09:43:30Z,200,522,4812f4a8e056b98e76478ba12bca0d62b243d2a43311bc3f02d9ab4df782b967
panipat-VIIRS_NOAA20_SP-2026-05-04-5.csv,panipat,VIIRS_NOAA20_SP,2026-05-04,5,2026-09-27T09:43:34Z,200,262,a0a3d89310876846ec52df8ed3f047d116fa8bab2da79dd845129c20342a826f
panipat-VIIRS_NOAA20_SP-2026-05-09-5.csv,panipat,VIIRS_NOAA20_SP,2026-05-09,5,2026-09-27T09:43:38Z,200,163,cb78677e87a00085b23f172246123cb7884d7dc8edecf9bc70cb3d650eb3f4a4
panipat-VIIRS_NOAA20_SP-2026-05-14-5.csv,panipat,VIIRS_NOAA20_SP,2026-05-14,5,2026-09-27T09:43:41Z,200,60,76a8430eca5f677dc07995a8466effefb5d525ff5a43980de48fb6e47835af32
panipat-VIIRS_NOAA20_SP-2026-05-19-5.csv,panipat,VIIRS_NOAA20_SP,2026-05-19,5,2026-09-27T09:43:43Z,200,42,d04661dd9a0ee94e6f27cc38c9d43d4dae122a8f890ef723a92c7b3a00c91cd2
panipat-VIIRS_NOAA20_SP-2026-05-24-5.csv,panipat,VIIRS_NOAA20_SP,2026-05-24,5,2026-09-27T09:43:46Z,200,25,b72b2cf278bb851d4a9a5e27e8d2ca3a8083a60fa48f61e052215132d6794ac8
panipat-VIIRS_NOAA20_SP-2026-05-29-5.csv,panipat,VIIRS_NOAA20_SP,2026-05-29,5,2026-09-27T09:43:49Z,200,11,c3641c34001ecc7575ac120011804fb69ec9d29416d5f4afd0bc1ea4c61624c9
panipat-VIIRS_NOAA20_SP-2026-06-03-5.csv,panipat,VIIRS_NOAA20_SP,2026-06-03,5,2026-09-27T09:43:52Z,200,0,3505bc30679b4672e35048d886860827f74a34968ca654b30a18b6ab231990fd
panipat-VIIRS_NOAA20_SP-2026-06-08-5.csv,panipat,VIIRS_NOAA20_SP,2026-06-08,5,2026-09-27T09:43:55Z,200,4,fece256c471acdb9e0327b3bd48b254491579b45b0eb020e590d27676c91b573
panipat-VIIRS_NOAA20_SP-2026-06-13-5.csv,panipat,VIIRS_NOAA20_SP,2026-06-13,5,2026-09-27T09:43:58Z,200,0,3505bc30679b4672e35048d886860827f74a34968ca654b30a18b6ab231990fd
panipat-VIIRS_NOAA20_SP-2026-06-18-5.csv,panipat,VIIRS_NOAA20_SP,2026-06-18,5,2026-09-27T09:44:01Z,200,15,782492bc3f325251b492dc677ecca4db734b249ae398096372cdade0af5202c2
panipat-VIIRS_NOAA20_SP-2026-06-23-5.csv,panipat,VIIRS_NOAA20_SP,2026-06-23,5,2026-09-27T09:44:04Z,200,17,7aaa3ba12764b59f97dec261d55f61d952521375e5e004484506d7032a6af3a0
panipat-VIIRS_NOAA20_SP-2026-06-28-3.csv,panipat,VIIRS_NOAA20_SP,2026-06-28,3,2026-09-27T09:44:07Z,200,28,60c9a247e7f56852341691a145d01f6616d405e4a25c0b4d4a9183d34defaae6
paradip-VIIRS_NOAA20_NRT-2026-07-01-5.csv,paradip,VIIRS_NOAA20_NRT,2026-07-01,5,2026-09-27T09:39:55Z,200,0,2b11a44667d05367ecf77651b95fd3d34c545c7ec154856094b91245e41ae697
paradip-VIIRS_NOAA20_NRT-2026-07-06-5.csv,paradip,VIIRS_NOAA20_NRT,2026-07-06,5,2026-09-27T09:39:58Z,200,0,2b11a44667d05367ecf77651b95fd3d34c545c7ec154856094b91245e41ae697
paradip-VIIRS_NOAA20_NRT-2026-07-11-5.csv,paradip,VIIRS_NOAA20_NRT,2026-07-11,5,2026-09-27T09:40:08Z,200,0,2b11a44667d05367ecf77651b95fd3d34c545c7ec154856094b91245e41ae697
paradip-VIIRS_NOAA20_NRT-2026-07-16-5.csv,paradip,VIIRS_NOAA20_NRT,2026-07-16,5,2026-09-27T09:40:11Z,200,1,c533de8baad9d824a310184fba639dc1651a93c4524ce8c7ceb73fee809402ac
paradip-VIIRS_NOAA20_NRT-2026-07-21-5.csv,paradip,VIIRS_NOAA20_NRT,2026-07-21,5,2026-09-27T09:40:15Z,200,0,2b11a44667d05367ecf77651b95fd3d34c545c7ec154856094b91245e41ae697
paradip-VIIRS_NOAA20_NRT-2026-07-26-5.csv,paradip,VIIRS_NOAA20_NRT,2026-07-26,5,2026-09-27T09:40:18Z,200,0,2b11a44667d05367ecf77651b95fd3d34c545c7ec154856094b91245e41ae697
paradip-VIIRS_NOAA20_NRT-2026-07-31-5.csv,paradip,VIIRS_NOAA20_NRT,2026-07-31,5,2026-09-27T09:40:21Z,200,0,2b11a44667d05367ecf77651b95fd3d34c545c7ec154856094b91245e41ae697
paradip-VIIRS_NOAA20_NRT-2026-08-05-5.csv,paradip,VIIRS_NOAA20_NRT,2026-08-05,5,2026-09-27T09:40:24Z,200,0,2b11a44667d05367ecf77651b95fd3d34c545c7ec154856094b91245e41ae697
paradip-VIIRS_NOAA20_NRT-2026-08-10-5.csv,paradip,VIIRS_NOAA20_NRT,2026-08-10,5,2026-09-27T09:40:27Z,200,0,2b11a44667d05367ecf77651b95fd3d34c545c7ec154856094b91245e41ae697
paradip-VIIRS_NOAA20_NRT-2026-08-15-5.csv,paradip,VIIRS_NOAA20_NRT,2026-08-15,5,2026-09-27T09:40:30Z,200,0,2b11a44667d05367ecf77651b95fd3d34c545c7ec154856094b91245e41ae697
paradip-VIIRS_NOAA20_NRT-2026-08-20-5.csv,paradip,VIIRS_NOAA20_NRT,2026-08-20,5,2026-09-27T09:40:33Z,200,0,2b11a44667d05367ecf77651b95fd3d34c545c7ec154856094b91245e41ae697
paradip-VIIRS_NOAA20_NRT-2026-08-25-5.csv,paradip,VIIRS_NOAA20_NRT,2026-08-25,5,2026-09-27T09:40:36Z,200,0,2b11a44667d05367ecf77651b95fd3d34c545c7ec154856094b91245e41ae697
paradip-VIIRS_NOAA20_NRT-2026-08-30-5.csv,paradip,VIIRS_NOAA20_NRT,2026-08-30,5,2026-09-27T09:40:40Z,200,0,2b11a44667d05367ecf77651b95fd3d34c545c7ec154856094b91245e41ae697
paradip-VIIRS_NOAA20_NRT-2026-09-04-5.csv,paradip,VIIRS_NOAA20_NRT,2026-09-04,5,2026-09-27T09:40:43Z,200,0,2b11a44667d05367ecf77651b95fd3d34c545c7ec154856094b91245e41ae697
paradip-VIIRS_NOAA20_NRT-2026-09-09-5.csv,paradip,VIIRS_NOAA20_NRT,2026-09-09,5,2026-09-27T09:40:46Z,200,0,2b11a44667d05367ecf77651b95fd3d34c545c7ec154856094b91245e41ae697
paradip-VIIRS_NOAA20_NRT-2026-09-14-5.csv,paradip,VIIRS_NOAA20_NRT,2026-09-14,5,2026-09-27T09:40:49Z,200,2,9fc890a11517821a2293d55a71f1e156accbab65238be4ea84460940b54f02b7
paradip-VIIRS_NOAA20_NRT-2026-09-19-5.csv,paradip,VIIRS_NOAA20_NRT,2026-09-19,5,2026-09-27T09:40:52Z,200,0,2b11a44667d05367ecf77651b95fd3d34c545c7ec154856094b91245e41ae697
paradip-VIIRS_NOAA20_NRT-2026-09-24-2.csv,paradip,VIIRS_NOAA20_NRT,2026-09-24,2,2026-09-27T09:40:56Z,200,0,2b11a44667d05367ecf77651b95fd3d34c545c7ec154856094b91245e41ae697
paradip-VIIRS_NOAA20_SP-2026-03-30-5.csv,paradip,VIIRS_NOAA20_SP,2026-03-30,5,2026-09-27T09:38:59Z,200,39,b7604b990d34509b46c310a66f5091fc675819e772befc381d921e37cf45b93a
paradip-VIIRS_NOAA20_SP-2026-04-04-5.csv,paradip,VIIRS_NOAA20_SP,2026-04-04,5,2026-09-27T09:39:02Z,200,4,f5dd5721dba6f1a254acbfd3030fd20a02aade9a3345c7ba3ec3da83694b4074
paradip-VIIRS_NOAA20_SP-2026-04-09-5.csv,paradip,VIIRS_NOAA20_SP,2026-04-09,5,2026-09-27T09:39:05Z,200,10,7dbcfd6eb91c507f7e58f70488566af50839ce7334efac788dca0c55262b0ff0
paradip-VIIRS_NOAA20_SP-2026-04-14-5.csv,paradip,VIIRS_NOAA20_SP,2026-04-14,5,2026-09-27T09:39:08Z,200,1,9f34af8ff397bc2e7fb7316141a07a518e68407444463bb56ca884ded10aee95
paradip-VIIRS_NOAA20_SP-2026-04-19-5.csv,paradip,VIIRS_NOAA20_SP,2026-04-19,5,2026-09-27T09:39:10Z,200,15,09c242f6ba9dab4090cca785e166b8a7f897f3ed168a52844e0d30c938b77d3d
paradip-VIIRS_NOAA20_SP-2026-04-24-5.csv,paradip,VIIRS_NOAA20_SP,2026-04-24,5,2026-09-27T09:39:13Z,200,11,3fcf50662e8eb3fcc623766d17545773cb0a9c2cb9007d6f26e8b425c4a25f83
paradip-VIIRS_NOAA20_SP-2026-04-29-5.csv,paradip,VIIRS_NOAA20_SP,2026-04-29,5,2026-09-27T09:39:16Z,200,3,ae888b3da1844dbcdd69712cdc16fb9fc090d0ddf4fc146c99344a64a5f90a5f
paradip-VIIRS_NOAA20_SP-2026-05-04-5.csv,paradip,VIIRS_NOAA20_SP,2026-05-04,5,2026-09-27T09:39:19Z,200,3,575abbe80344d5447be94df31edf4ce2d29b46e0661457b547db4bd31315ce81
paradip-VIIRS_NOAA20_SP-2026-05-09-5.csv,paradip,VIIRS_NOAA20_SP,2026-05-09,5,2026-09-27T09:39:22Z,200,8,547910aa88bc2f7c666005c196d5652fb56757c6211835283f55fa321173058c
paradip-VIIRS_NOAA20_SP-2026-05-14-5.csv,paradip,VIIRS_NOAA20_SP,2026-05-14,5,2026-09-27T09:39:25Z,200,10,d1236b7e2ed9fbaee77aa1620d51e9c5fe8a456e4f6e7d01fa950f42d37e90fc
paradip-VIIRS_NOAA20_SP-2026-05-19-5.csv,paradip,VIIRS_NOAA20_SP,2026-05-19,5,2026-09-27T09:39:28Z,200,6,a02dd5f92a7ea68b5e5b859bf812c6de933aa246f96f6bb7bbec89e3fb9a8552
paradip-VIIRS_NOAA20_SP-2026-05-24-5.csv,paradip,VIIRS_NOAA20_SP,2026-05-24,5,2026-09-27T09:39:30Z,200,4,0a495808a22b97d41f25df6a6949096f14131820b672bd96b033e4b415380db3
paradip-VIIRS_NOAA20_SP-2026-05-29-5.csv,paradip,VIIRS_NOAA20_SP,2026-05-29,5,2026-09-27T09:39:35Z,200,2,cc034b368b94ca4722963b0e82148b65a829a288e0534f8ce6c78fa1126f9ef0
paradip-VIIRS_NOAA20_SP-2026-06-03-5.csv,paradip,VIIRS_NOAA20_SP,2026-06-03,5,2026-09-27T09:39:38Z,200,3,89c50ea3c5b5e2f4bcab95b24627503b33606e2d2ca634a5fe671bfd868373e9
paradip-VIIRS_NOAA20_SP-2026-06-08-5.csv,paradip,VIIRS_NOAA20_SP,2026-06-08,5,2026-09-27T09:39:40Z,200,1,3a65863e438bd29dab0c2e42011fabfa4c204f65601cf1b735e4a48a5772fb8b
paradip-VIIRS_NOAA20_SP-2026-06-13-5.csv,paradip,VIIRS_NOAA20_SP,2026-06-13,5,2026-09-27T09:39:43Z,200,1,4c1a356418493d38a6a0d0357a7e5f9ce5d021e2972e455db207d98fd3b15ff6
paradip-VIIRS_NOAA20_SP-2026-06-18-5.csv,paradip,VIIRS_NOAA20_SP,2026-06-18,5,2026-09-27T09:39:46Z,200,0,3505bc30679b4672e35048d886860827f74a34968ca654b30a18b6ab231990fd
paradip-VIIRS_NOAA20_SP-2026-06-23-5.csv,paradip,VIIRS_NOAA20_SP,2026-06-23,5,2026-09-27T09:39:49Z,200,3,71497247c40599977d15ff4ad70de68884491f6b53d32142001ce270f150f280
paradip-VIIRS_NOAA20_SP-2026-06-28-3.csv,paradip,VIIRS_NOAA20_SP,2026-06-28,3,2026-09-27T09:39:52Z,200,0,3505bc30679b4672e35048d886860827f74a34968ca654b30a18b6ab231990fd
punjab-VIIRS_NOAA20_SP-2026-03-30-5.csv,punjab,VIIRS_NOAA20_SP,2026-03-30,5,2026-09-27T09:28:41Z,200,1,0d011b1a24eb832add25e8e041cacfe0f3c5f40bd5a9890c28dcf710df0697a3
punjab-VIIRS_NOAA20_SP-2026-04-04-5.csv,punjab,VIIRS_NOAA20_SP,2026-04-04,5,2026-09-27T09:28:45Z,200,2,616ac5ed7828110a9af448f72803ae9cbf40f127918610ce36d283953b92ea08
punjab-VIIRS_NOAA20_SP-2026-04-09-5.csv,punjab,VIIRS_NOAA20_SP,2026-04-09,5,2026-09-27T09:28:47Z,200,1,4f4865aab38add5dc77352a533f187df440c1cb3edd52983dcb1c00a3516e737
punjab-VIIRS_NOAA20_SP-2026-04-14-5.csv,punjab,VIIRS_NOAA20_SP,2026-04-14,5,2026-09-27T09:28:50Z,200,5,64b81cf3d99dd9efff46be9563462a602511c69fdded2a584fdac383edb2f6ca
punjab-VIIRS_NOAA20_SP-2026-04-19-5.csv,punjab,VIIRS_NOAA20_SP,2026-04-19,5,2026-09-27T09:28:53Z,200,31,c6bec3343619a72cd579f0ace2fa5c9f94d2fecc3d8de58ee9c058cdeee26f3e
punjab-VIIRS_NOAA20_SP-2026-04-24-5.csv,punjab,VIIRS_NOAA20_SP,2026-04-24,5,2026-09-27T09:28:57Z,200,200,c53e1152c34a31339b56502b455f86e00d17780ba2f6f642336f1da1828e75af
punjab-VIIRS_NOAA20_SP-2026-04-29-5.csv,punjab,VIIRS_NOAA20_SP,2026-04-29,5,2026-09-27T09:29:04Z,200,749,de249529666ee6b1731e936306aaaa81f7c475887113998c1833fe83454bd100
punjab-VIIRS_NOAA20_SP-2026-05-04-5.csv,punjab,VIIRS_NOAA20_SP,2026-05-04,5,2026-09-27T09:29:08Z,200,1421,1065da28c4e08e28484314e1375284526963ebe84e0bf26d0c32bb5566fc8196
punjab-VIIRS_NOAA20_SP-2026-05-09-5.csv,punjab,VIIRS_NOAA20_SP,2026-05-09,5,2026-09-27T09:29:14Z,200,1497,e578cf35aa7da2ae89c6724828570fd00728c4a2eca5c162e8fe6a6402074197
punjab-VIIRS_NOAA20_SP-2026-05-14-5.csv,punjab,VIIRS_NOAA20_SP,2026-05-14,5,2026-09-27T09:29:17Z,200,243,ee7ee3485c1944a8cff67b091243481f41b285ee2b3c8040b25642601d97ddac
punjab-VIIRS_NOAA20_SP-2026-05-19-5.csv,punjab,VIIRS_NOAA20_SP,2026-05-19,5,2026-09-27T09:29:20Z,200,71,fee8cb001c2d78216ea9044c16f8819466b7d666ab6ef5317069bdd47348cc51
punjab-VIIRS_NOAA20_SP-2026-05-24-5.csv,punjab,VIIRS_NOAA20_SP,2026-05-24,5,2026-09-27T09:29:23Z,200,52,034843721d7258201c91c9474479c73b3204c283e578505ced19e19933e3e569
punjab-VIIRS_NOAA20_SP-2026-05-29-5.csv,punjab,VIIRS_NOAA20_SP,2026-05-29,5,2026-09-27T09:29:26Z,200,7,8b893e9a507eec5439e58c2abdd1962989916dcc27a273d995263dd20486db91
punjab-VIIRS_NOAA20_SP-2026-06-03-5.csv,punjab,VIIRS_NOAA20_SP,2026-06-03,5,2026-09-27T09:29:29Z,200,7,2807c89e6e609cfe053f1715c8a1e747cd4f7b0c26e7bea99b0e9317921f1df5
punjab-VIIRS_NOAA20_SP-2026-06-08-5.csv,punjab,VIIRS_NOAA20_SP,2026-06-08,5,2026-09-27T09:29:32Z,200,10,f4407e6e73099c13e2adee17ae95822379b912aba65a68375274b17dbebd01ba
punjab-VIIRS_NOAA20_SP-2026-06-13-5.csv,punjab,VIIRS_NOAA20_SP,2026-06-13,5,2026-09-27T09:29:48Z,200,5,159e7849678b1488d8985ad31a3bed81c1ba5663b2a5cc9c815b04fc29890b7a
punjab-VIIRS_NOAA20_SP-2026-06-18-5.csv,punjab,VIIRS_NOAA20_SP,2026-06-18,5,2026-09-27T09:29:51Z,200,27,82a521d7f78a64097e925ded67595b0f96bc986fa634669a4ff046fd0155d713
punjab-VIIRS_NOAA20_SP-2026-06-23-5.csv,punjab,VIIRS_NOAA20_SP,2026-06-23,5,2026-09-27T09:29:54Z,200,27,f44dc7788d14791c0316d6d02c000cf6a1fc0e96768f5ea5f4e24309326b1d56
punjab-VIIRS_NOAA20_SP-2026-06-28-3.csv,punjab,VIIRS_NOAA20_SP,2026-06-28,3,2026-09-27T09:29:58Z,200,19,f7065f514055835b09569c5cdfbcca38a3e83b0122366def41f8537364755622
simlipal-VIIRS_NOAA20_NRT-2026-07-01-5.csv,simlipal,VIIRS_NOAA20_NRT,2026-07-01,5,2026-09-27T09:53:38Z,200,0,2b11a44667d05367ecf77651b95fd3d34c545c7ec154856094b91245e41ae697
simlipal-VIIRS_NOAA20_NRT-2026-07-06-5.csv,simlipal,VIIRS_NOAA20_NRT,2026-07-06,5,2026-09-27T09:53:41Z,200,0,2b11a44667d05367ecf77651b95fd3d34c545c7ec154856094b91245e41ae697
simlipal-VIIRS_NOAA20_NRT-2026-07-11-5.csv,simlipal,VIIRS_NOAA20_NRT,2026-07-11,5,2026-09-27T09:53:44Z,200,0,2b11a44667d05367ecf77651b95fd3d34c545c7ec154856094b91245e41ae697
simlipal-VIIRS_NOAA20_NRT-2026-07-16-5.csv,simlipal,VIIRS_NOAA20_NRT,2026-07-16,5,2026-09-27T09:53:47Z,200,0,2b11a44667d05367ecf77651b95fd3d34c545c7ec154856094b91245e41ae697
simlipal-VIIRS_NOAA20_NRT-2026-07-21-5.csv,simlipal,VIIRS_NOAA20_NRT,2026-07-21,5,2026-09-27T09:53:50Z,200,0,2b11a44667d05367ecf77651b95fd3d34c545c7ec154856094b91245e41ae697
simlipal-VIIRS_NOAA20_NRT-2026-07-26-5.csv,simlipal,VIIRS_NOAA20_NRT,2026-07-26,5,2026-09-27T09:54:14Z,200,0,2b11a44667d05367ecf77651b95fd3d34c545c7ec154856094b91245e41ae697
simlipal-VIIRS_NOAA20_NRT-2026-07-31-5.csv,simlipal,VIIRS_NOAA20_NRT,2026-07-31,5,2026-09-27T09:54:17Z,200,0,2b11a44667d05367ecf77651b95fd3d34c545c7ec154856094b91245e41ae697
simlipal-VIIRS_NOAA20_NRT-2026-08-05-5.csv,simlipal,VIIRS_NOAA20_NRT,2026-08-05,5,2026-09-27T09:54:20Z,200,0,2b11a44667d05367ecf77651b95fd3d34c545c7ec154856094b91245e41ae697
simlipal-VIIRS_NOAA20_NRT-2026-08-10-5.csv,simlipal,VIIRS_NOAA20_NRT,2026-08-10,5,2026-09-27T09:54:23Z,200,0,2b11a44667d05367ecf77651b95fd3d34c545c7ec154856094b91245e41ae697
simlipal-VIIRS_NOAA20_NRT-2026-08-15-5.csv,simlipal,VIIRS_NOAA20_NRT,2026-08-15,5,2026-09-27T09:54:26Z,200,0,2b11a44667d05367ecf77651b95fd3d34c545c7ec154856094b91245e41ae697
simlipal-VIIRS_NOAA20_NRT-2026-08-20-5.csv,simlipal,VIIRS_NOAA20_NRT,2026-08-20,5,2026-09-27T09:54:29Z,200,0,2b11a44667d05367ecf77651b95fd3d34c545c7ec154856094b91245e41ae697
simlipal-VIIRS_NOAA20_NRT-2026-08-25-5.csv,simlipal,VIIRS_NOAA20_NRT,2026-08-25,5,2026-09-27T09:54:32Z,200,0,2b11a44667d05367ecf77651b95fd3d34c545c7ec154856094b91245e41ae697
simlipal-VIIRS_NOAA20_NRT-2026-08-30-5.csv,simlipal,VIIRS_NOAA20_NRT,2026-08-30,5,2026-09-27T09:54:35Z,200,0,2b11a44667d05367ecf77651b95fd3d34c545c7ec154856094b91245e41ae697
simlipal-VIIRS_NOAA20_NRT-2026-09-04-5.csv,simlipal,VIIRS_NOAA20_NRT,2026-09-04,5,2026-09-27T09:54:38Z,200,0,2b11a44667d05367ecf77651b95fd3d34c545c7ec154856094b91245e41ae697
simlipal-VIIRS_NOAA20_NRT-2026-09-09-5.csv,simlipal,VIIRS_NOAA20_NRT,2026-09-09,5,2026-09-27T09:54:42Z,200,0,2b11a44667d05367ecf77651b95fd3d34c545c7ec154856094b91245e41ae697
simlipal-VIIRS_NOAA20_NRT-2026-09-14-5.csv,simlipal,VIIRS_NOAA20_NRT,2026-09-14,5,2026-09-27T09:54:44Z,200,0,2b11a44667d05367ecf77651b95fd3d34c545c7ec154856094b91245e41ae697
simlipal-VIIRS_NOAA20_NRT-2026-09-19-5.csv,simlipal,VIIRS_NOAA20_NRT,2026-09-19,5,2026-09-27T09:54:47Z,200,0,2b11a44667d05367ecf77651b95fd3d34c545c7ec154856094b91245e41ae697
simlipal-VIIRS_NOAA20_NRT-2026-09-24-2.csv,simlipal,VIIRS_NOAA20_NRT,2026-09-24,2,2026-09-27T09:54:50Z,200,0,2b11a44667d05367ecf77651b95fd3d34c545c7ec154856094b91245e41ae697
simlipal-VIIRS_NOAA20_SP-2026-03-30-5.csv,simlipal,VIIRS_NOAA20_SP,2026-03-30,5,2026-09-27T09:52:37Z,200,3,784cf9461555c84ae0e455fc8e2da3ef1d157240ef5cbd0829e6b07f059852ed
simlipal-VIIRS_NOAA20_SP-2026-04-04-5.csv,simlipal,VIIRS_NOAA20_SP,2026-04-04,5,2026-09-27T09:52:40Z,200,0,3505bc30679b4672e35048d886860827f74a34968ca654b30a18b6ab231990fd
simlipal-VIIRS_NOAA20_SP-2026-04-09-5.csv,simlipal,VIIRS_NOAA20_SP,2026-04-09,5,2026-09-27T09:52:43Z,200,7,f78cd43d684dfc4c712e78b490a2574d8bba371a74c731b3be4541fc82c9d51b
simlipal-VIIRS_NOAA20_SP-2026-04-14-5.csv,simlipal,VIIRS_NOAA20_SP,2026-04-14,5,2026-09-27T09:52:45Z,200,0,3505bc30679b4672e35048d886860827f74a34968ca654b30a18b6ab231990fd
simlipal-VIIRS_NOAA20_SP-2026-04-19-5.csv,simlipal,VIIRS_NOAA20_SP,2026-04-19,5,2026-09-27T09:52:48Z,200,3,7f14af16c3595b443f5f2ac7a0d6fa4d860bbec3768679c852e9eb0bcbc0db07
simlipal-VIIRS_NOAA20_SP-2026-04-24-5.csv,simlipal,VIIRS_NOAA20_SP,2026-04-24,5,2026-09-27T09:52:51Z,200,0,3505bc30679b4672e35048d886860827f74a34968ca654b30a18b6ab231990fd
simlipal-VIIRS_NOAA20_SP-2026-04-29-5.csv,simlipal,VIIRS_NOAA20_SP,2026-04-29,5,2026-09-27T09:52:54Z,200,0,3505bc30679b4672e35048d886860827f74a34968ca654b30a18b6ab231990fd
simlipal-VIIRS_NOAA20_SP-2026-05-04-5.csv,simlipal,VIIRS_NOAA20_SP,2026-05-04,5,2026-09-27T09:52:57Z,200,0,3505bc30679b4672e35048d886860827f74a34968ca654b30a18b6ab231990fd
simlipal-VIIRS_NOAA20_SP-2026-05-09-5.csv,simlipal,VIIRS_NOAA20_SP,2026-05-09,5,2026-09-27T09:53:05Z,200,0,3505bc30679b4672e35048d886860827f74a34968ca654b30a18b6ab231990fd
simlipal-VIIRS_NOAA20_SP-2026-05-14-5.csv,simlipal,VIIRS_NOAA20_SP,2026-05-14,5,2026-09-27T09:53:08Z,200,1,cd997216882a6ecf2d443c4868dbeade37b88f974e5909056d5848909cc67f85
simlipal-VIIRS_NOAA20_SP-2026-05-19-5.csv,simlipal,VIIRS_NOAA20_SP,2026-05-19,5,2026-09-27T09:53:11Z,200,1,e329d5f93de0512993384da8a11a99eed78c341604bab9d57902ffdbf5262a4e
simlipal-VIIRS_NOAA20_SP-2026-05-24-5.csv,simlipal,VIIRS_NOAA20_SP,2026-05-24,5,2026-09-27T09:53:13Z,200,0,3505bc30679b4672e35048d886860827f74a34968ca654b30a18b6ab231990fd
simlipal-VIIRS_NOAA20_SP-2026-05-29-5.csv,simlipal,VIIRS_NOAA20_SP,2026-05-29,5,2026-09-27T09:53:16Z,200,0,3505bc30679b4672e35048d886860827f74a34968ca654b30a18b6ab231990fd
simlipal-VIIRS_NOAA20_SP-2026-06-03-5.csv,simlipal,VIIRS_NOAA20_SP,2026-06-03,5,2026-09-27T09:53:19Z,200,1,e447c38d5aa2af4f6351e8db166c92678ae64486feb77964ccb2da85ae01f3a4
simlipal-VIIRS_NOAA20_SP-2026-06-08-5.csv,simlipal,VIIRS_NOAA20_SP,2026-06-08,5,2026-09-27T09:53:23Z,200,0,3505bc30679b4672e35048d886860827f74a34968ca654b30a18b6ab231990fd
simlipal-VIIRS_NOAA20_SP-2026-06-13-5.csv,simlipal,VIIRS_NOAA20_SP,2026-06-13,5,2026-09-27T09:53:26Z,200,0,3505bc30679b4672e35048d886860827f74a34968ca654b30a18b6ab231990fd
simlipal-VIIRS_NOAA20_SP-2026-06-18-5.csv,simlipal,VIIRS_NOAA20_SP,2026-06-18,5,2026-09-27T09:53:29Z,200,0,3505bc30679b4672e35048d886860827f74a34968ca654b30a18b6ab231990fd
simlipal-VIIRS_NOAA20_SP-2026-06-23-5.csv,simlipal,VIIRS_NOAA20_SP,2026-06-23,5,2026-09-27T09:53:32Z,200,0,3505bc30679b4672e35048d886860827f74a34968ca654b30a18b6ab231990fd
simlipal-VIIRS_NOAA20_SP-2026-06-28-3.csv,simlipal,VIIRS_NOAA20_SP,2026-06-28,3,2026-09-27T09:53:35Z,200,0,3505bc30679b4672e35048d886860827f74a34968ca654b30a18b6ab231990fd
singrauli-VIIRS_NOAA20_SP-2026-03-30-5.csv,singrauli,VIIRS_NOAA20_SP,2026-03-30,5,2026-09-27T09:27:37Z,200,73,279ff8cc6a0dedf3f1498cd1fb607330f0c615db61fe6ba94a46a4e58f05b26d
singrauli-VIIRS_NOAA20_SP-2026-04-04-5.csv,singrauli,VIIRS_NOAA20_SP,2026-04-04,5,2026-09-27T09:27:40Z,200,52,9c66d9d4a92105568cc122acf8bc0da334a58d4f2c0fcd1a86051add856ccc7b
singrauli-VIIRS_NOAA20_SP-2026-04-09-5.csv,singrauli,VIIRS_NOAA20_SP,2026-04-09,5,2026-09-27T09:27:43Z,200,207,37624e3edf2f276d9117532f0a9f4d5b463f5e167da9a5f1e2386e7a41f72f3a
singrauli-VIIRS_NOAA20_SP-2026-04-14-5.csv,singrauli,VIIRS_NOAA20_SP,2026-04-14,5,2026-09-27T09:27:51Z,200,342,ac838ed80c31ee8a0bd68e1926b6c5e776dd2f1ddda595bfa75247846065bd36
singrauli-VIIRS_NOAA20_SP-2026-04-19-5.csv,singrauli,VIIRS_NOAA20_SP,2026-04-19,5,2026-09-27T09:27:55Z,200,431,ed9edead361331c7f1703397db25329690907d324d9f6ba82683a08ee624800c
singrauli-VIIRS_NOAA20_SP-2026-04-24-5.csv,singrauli,VIIRS_NOAA20_SP,2026-04-24,5,2026-09-27T09:27:58Z,200,332,3e0d24a08fd026a535d466a1aa67351d7cfaf46503c4376fc10cbe6066652e59
singrauli-VIIRS_NOAA20_SP-2026-04-29-5.csv,singrauli,VIIRS_NOAA20_SP,2026-04-29,5,2026-09-27T09:28:01Z,200,109,39510a1a1f1f8c4e5920ac15883cf12316c565d4b09ec29c0bc2ad3242bf9b31
singrauli-VIIRS_NOAA20_SP-2026-05-04-5.csv,singrauli,VIIRS_NOAA20_SP,2026-05-04,5,2026-09-27T09:28:05Z,200,61,d4ad53377080e3a3445b25b728e4d36bdb7f2597c48f73b5f1ada2364e67cf3f
singrauli-VIIRS_NOAA20_SP-2026-05-09-5.csv,singrauli,VIIRS_NOAA20_SP,2026-05-09,5,2026-09-27T09:28:08Z,200,88,f505f8e2c451236c35993f7c9e0334fa694ffe8fdcc07e5ea855cbc7db488c41
singrauli-VIIRS_NOAA20_SP-2026-05-14-5.csv,singrauli,VIIRS_NOAA20_SP,2026-05-14,5,2026-09-27T09:28:11Z,200,80,13a7913f6f6f6a7984e7de9fe9f549f95396ad89083f2d83c43c33b5fc6719c4
singrauli-VIIRS_NOAA20_SP-2026-05-19-5.csv,singrauli,VIIRS_NOAA20_SP,2026-05-19,5,2026-09-27T09:28:14Z,200,139,93a3438fed3e7e848b62b7ff7b4d4ecc0018c5fc8aa96c31eed711ee7a40f017
singrauli-VIIRS_NOAA20_SP-2026-05-24-5.csv,singrauli,VIIRS_NOAA20_SP,2026-05-24,5,2026-09-27T09:28:17Z,200,102,b4c3238410783c4f941e750553ee9ccf9b5bff16e25ad1c77cd749be766570cb
singrauli-VIIRS_NOAA20_SP-2026-05-29-5.csv,singrauli,VIIRS_NOAA20_SP,2026-05-29,5,2026-09-27T09:28:20Z,200,40,3021b5d5dcc1fcc8d603106cf4b010fe3b0736a6035c9a51ee9ee69b20e72a35
singrauli-VIIRS_NOAA20_SP-2026-06-03-5.csv,singrauli,VIIRS_NOAA20_SP,2026-06-03,5,2026-09-27T09:28:23Z,200,15,d2a9e8c63e831a38bf80169f0995c9664e567c3dd6d7b08cbf360efbcff7fb82
singrauli-VIIRS_NOAA20_SP-2026-06-08-5.csv,singrauli,VIIRS_NOAA20_SP,2026-06-08,5,2026-09-27T09:28:27Z,200,33,8859971ffb14dcc6abed77f3497ead415ec5c8fa0d9ed3e266c3fbf17e988624
singrauli-VIIRS_NOAA20_SP-2026-06-13-5.csv,singrauli,VIIRS_NOAA20_SP,2026-06-13,5,2026-09-27T09:28:29Z,200,51,e0064b27f3bc8ed5c669b38abcad81cbaa1b19093b301cc67dfa215b71a7a8f9
singrauli-VIIRS_NOAA20_SP-2026-06-18-5.csv,singrauli,VIIRS_NOAA20_SP,2026-06-18,5,2026-09-27T09:28:32Z,200,12,9790de02c10ed06fbd869b48a3afbe7b8aba98e9c178d57226e381ecfa3a213a
singrauli-VIIRS_NOAA20_SP-2026-06-23-5.csv,singrauli,VIIRS_NOAA20_SP,2026-06-23,5,2026-09-27T09:28:35Z,200,17,74a266599f67d217e567de1005f86635585fea9f398db93dbf09c087517a0dbe
singrauli-VIIRS_NOAA20_SP-2026-06-28-3.csv,singrauli,VIIRS_NOAA20_SP,2026-06-28,3,2026-09-27T09:28:38Z,200,3,220fce8cac666b817f6ddc2dc86cdb2006aa1e82d36a4a3e371a3aa891347632
talcher-VIIRS_NOAA20_NRT-2026-07-01-5.csv,talcher,VIIRS_NOAA20_NRT,2026-07-01,5,2026-09-27T09:38:03Z,200,20,44b808d55cc3eec56a0b93b05f17dd07466c4ad3f4dc65c08ad74f09b0bfb3de
talcher-VIIRS_NOAA20_NRT-2026-07-06-5.csv,talcher,VIIRS_NOAA20_NRT,2026-07-06,5,2026-09-27T09:38:06Z,200,4,5d7338adf75721efae6358d501f4896ca422243f893f435e9450f2acb3896232
talcher-VIIRS_NOAA20_NRT-2026-07-11-5.csv,talcher,VIIRS_NOAA20_NRT,2026-07-11,5,2026-09-27T09:38:10Z,200,6,05a846b56b91387976491c249b944c0d0196fc5a5a6909c06baa15c3b1cacd2c
talcher-VIIRS_NOAA20_NRT-2026-07-16-5.csv,talcher,VIIRS_NOAA20_NRT,2026-07-16,5,2026-09-27T09:38:13Z,200,10,371429bee2fcfeea117d971d69aed4b9ac27a7a7816baf02bdc7e61bd4f5df50
talcher-VIIRS_NOAA20_NRT-2026-07-21-5.csv,talcher,VIIRS_NOAA20_NRT,2026-07-21,5,2026-09-27T09:38:16Z,200,0,2b11a44667d05367ecf77651b95fd3d34c545c7ec154856094b91245e41ae697
talcher-VIIRS_NOAA20_NRT-2026-07-26-5.csv,talcher,VIIRS_NOAA20_NRT,2026-07-26,5,2026-09-27T09:38:19Z,200,26,2bf685fdf4ad2fc7116f4b977285a04793b3444c294a7572db538e8e6860ab33
talcher-VIIRS_NOAA20_NRT-2026-07-31-5.csv,talcher,VIIRS_NOAA20_NRT,2026-07-31,5,2026-09-27T09:38:22Z,200,24,35e566127a6215d21743959efc6300b41cf56a0e322d3ddda4b4a921301596d1
talcher-VIIRS_NOAA20_NRT-2026-08-05-5.csv,talcher,VIIRS_NOAA20_NRT,2026-08-05,5,2026-09-27T09:38:25Z,200,33,c9e1d33ad9fce33217fa954aee2935397cefa335bd8897135118688f57e468b0
talcher-VIIRS_NOAA20_NRT-2026-08-10-5.csv,talcher,VIIRS_NOAA20_NRT,2026-08-10,5,2026-09-27T09:38:29Z,200,5,12ea6781c0601db6d6a9ee713b9c46580fdb90146036ef399aed57469bfa5b08
talcher-VIIRS_NOAA20_NRT-2026-08-15-5.csv,talcher,VIIRS_NOAA20_NRT,2026-08-15,5,2026-09-27T09:38:32Z,200,28,a01b21b390d003137716cdb7eae566160b5f79d820864b536598a3d585757e17
talcher-VIIRS_NOAA20_NRT-2026-08-20-5.csv,talcher,VIIRS_NOAA20_NRT,2026-08-20,5,2026-09-27T09:38:35Z,200,2,c86557c8a8156f334cb4633a42f19944ec78a8b96d4b8740604932ee7fd1cfe4
talcher-VIIRS_NOAA20_NRT-2026-08-25-5.csv,talcher,VIIRS_NOAA20_NRT,2026-08-25,5,2026-09-27T09:38:38Z,200,17,f97c0145a5b4a0e2415b0e9eab4204567396aba81949e2e250a3b88803cd0f7b
talcher-VIIRS_NOAA20_NRT-2026-08-30-5.csv,talcher,VIIRS_NOAA20_NRT,2026-08-30,5,2026-09-27T09:38:41Z,200,0,2b11a44667d05367ecf77651b95fd3d34c545c7ec154856094b91245e41ae697
talcher-VIIRS_NOAA20_NRT-2026-09-04-5.csv,talcher,VIIRS_NOAA20_NRT,2026-09-04,5,2026-09-27T09:38:44Z,200,125,9dad9c5783cbc5167b793e1a7f9cb30bdb5b81bd903aa47854093c39e36508bf
talcher-VIIRS_NOAA20_NRT-2026-09-09-5.csv,talcher,VIIRS_NOAA20_NRT,2026-09-09,5,2026-09-27T09:38:47Z,200,61,f8b942a9f6c07e1c91667db376028a9ccb1aa478833f644fb7183c2c131d78d1
talcher-VIIRS_NOAA20_NRT-2026-09-14-5.csv,talcher,VIIRS_NOAA20_NRT,2026-09-14,5,2026-09-27T09:38:50Z,200,161,a8880104fcf717df1833c550d1575134d0d8ae47e9cd16c3ee312c80d3dfc9b4
talcher-VIIRS_NOAA20_NRT-2026-09-19-5.csv,talcher,VIIRS_NOAA20_NRT,2026-09-19,5,2026-09-27T09:38:53Z,200,98,e8348c37017178ae835d0a1867659ba8b4b5ddcf5289239b6f068ea2b2c9538a
talcher-VIIRS_NOAA20_NRT-2026-09-24-2.csv,talcher,VIIRS_NOAA20_NRT,2026-09-24,2,2026-09-27T09:38:56Z,200,0,2b11a44667d05367ecf77651b95fd3d34c545c7ec154856094b91245e41ae697
talcher-VIIRS_NOAA20_SP-2026-03-30-5.csv,talcher,VIIRS_NOAA20_SP,2026-03-30,5,2026-09-27T09:36:44Z,200,335,4ef7de83872cdf00bb667481320331c844c761c112c471789df520a1d7c482fa
talcher-VIIRS_NOAA20_SP-2026-04-04-5.csv,talcher,VIIRS_NOAA20_SP,2026-04-04,5,2026-09-27T09:36:48Z,200,283,db0bf560b89caa2ef69904cb5e8a2c05958cb605ef9dfacdfee41eb54e96f321
talcher-VIIRS_NOAA20_SP-2026-04-09-5.csv,talcher,VIIRS_NOAA20_SP,2026-04-09,5,2026-09-27T09:36:52Z,200,370,c36ffaca2079adae3ebd9f8e133c78a89de8417d31c154e29c2628e5aa42f9bc
talcher-VIIRS_NOAA20_SP-2026-04-14-5.csv,talcher,VIIRS_NOAA20_SP,2026-04-14,5,2026-09-27T09:36:55Z,200,320,155e9c295832385a049d9eeb7ac14d6908c8494279250fb0939a38003b0754f0
talcher-VIIRS_NOAA20_SP-2026-04-19-5.csv,talcher,VIIRS_NOAA20_SP,2026-04-19,5,2026-09-27T09:37:03Z,200,457,f0f9c692eff9dcdebab556810da4c415ea89812e2161c976828af3c1549d9eae
talcher-VIIRS_NOAA20_SP-2026-04-24-5.csv,talcher,VIIRS_NOAA20_SP,2026-04-24,5,2026-09-27T09:37:07Z,200,261,4f8974ac1690ed240508b7e6cc47e120901e0eeaa0ecc1dc6df27e9a42dd02a6
talcher-VIIRS_NOAA20_SP-2026-04-29-5.csv,talcher,VIIRS_NOAA20_SP,2026-04-29,5,2026-09-27T09:37:10Z,200,272,16a20405ab413b0d9aa9a6483865bbfbc27fe6e3a06c3e496d28d5257d88ca96
talcher-VIIRS_NOAA20_SP-2026-05-04-5.csv,talcher,VIIRS_NOAA20_SP,2026-05-04,5,2026-09-27T09:37:13Z,200,154,49ca5a1a0ec00162acdbad2a9078f12e4dd8a993e603d953fbd73431ee8a6a6c
talcher-VIIRS_NOAA20_SP-2026-05-09-5.csv,talcher,VIIRS_NOAA20_SP,2026-05-09,5,2026-09-27T09:37:16Z,200,206,0d8d7992f2383df60b98c03a62b31671208defeccabbf885f34e1e5695c689ae
talcher-VIIRS_NOAA20_SP-2026-05-14-5.csv,talcher,VIIRS_NOAA20_SP,2026-05-14,5,2026-09-27T09:37:20Z,200,250,8487717a7ed73c0cf702257b0c98d3e3ad3ac90a03086913fb7de8517494c119
talcher-VIIRS_NOAA20_SP-2026-05-19-5.csv,talcher,VIIRS_NOAA20_SP,2026-05-19,5,2026-09-27T09:37:23Z,200,217,d04861779f9305822579506019c2f88611be579e7e5dacdb3e65115cca12f874
talcher-VIIRS_NOAA20_SP-2026-05-24-5.csv,talcher,VIIRS_NOAA20_SP,2026-05-24,5,2026-09-27T09:37:27Z,200,224,89ce6accfa75cebc6d51d72b51104e07f84969150b6c49b2c98b2e9d5b7b71b4
talcher-VIIRS_NOAA20_SP-2026-05-29-5.csv,talcher,VIIRS_NOAA20_SP,2026-05-29,5,2026-09-27T09:37:31Z,200,165,e702db29a9a9a2a4b5b7bf0fb704ac87a8023cdbf70e32b07ea390becc8d85ee
talcher-VIIRS_NOAA20_SP-2026-06-03-5.csv,talcher,VIIRS_NOAA20_SP,2026-06-03,5,2026-09-27T09:37:43Z,200,147,0407d7d3e251e791d55cca10522a85d2de3fe6fd95ee9bc84f1c3896ef93dc80
talcher-VIIRS_NOAA20_SP-2026-06-08-5.csv,talcher,VIIRS_NOAA20_SP,2026-06-08,5,2026-09-27T09:37:46Z,200,158,ec626b5d81bcd19e7282cdfbd6d502dcbe7d331dcf9481b150b15bb9815ae6d1
talcher-VIIRS_NOAA20_SP-2026-06-13-5.csv,talcher,VIIRS_NOAA20_SP,2026-06-13,5,2026-09-27T09:37:50Z,200,132,54f54a44560c494d505937a05efb006d0edb1f64718da897c2a4c06992a9c4b7
talcher-VIIRS_NOAA20_SP-2026-06-18-5.csv,talcher,VIIRS_NOAA20_SP,2026-06-18,5,2026-09-27T09:37:53Z,200,8,627635f48271014ba330c17645aba0105e57ece62a018558127f50b99b8c2ea4
talcher-VIIRS_NOAA20_SP-2026-06-23-5.csv,talcher,VIIRS_NOAA20_SP,2026-06-23,5,2026-09-27T09:37:57Z,200,152,56082738a7d9b4e77e1791cb9c26a87e0f8a4e74dc5bc1ad0ee185b31b4cef06
talcher-VIIRS_NOAA20_SP-2026-06-28-3.csv,talcher,VIIRS_NOAA20_SP,2026-06-28,3,2026-09-27T09:38:00Z,200,8,c4364fb3ebd271c34714e18a2e4cc22914cda5d9e4bbd07f3f706ba3d355385d
vizag-VIIRS_NOAA20_NRT-2026-07-01-5.csv,vizag,VIIRS_NOAA20_NRT,2026-07-01,5,2026-09-27T09:46:48Z,200,0,2b11a44667d05367ecf77651b95fd3d34c545c7ec154856094b91245e41ae697
vizag-VIIRS_NOAA20_NRT-2026-07-06-5.csv,vizag,VIIRS_NOAA20_NRT,2026-07-06,5,2026-09-27T09:46:51Z,200,2,73fb331a761edd978d0dd7106320bb9aa9d5e4b153a349ff47e429da4c75d5c8
vizag-VIIRS_NOAA20_NRT-2026-07-11-5.csv,vizag,VIIRS_NOAA20_NRT,2026-07-11,5,2026-09-27T09:46:54Z,200,4,e87ce49caa2aa98957321be8169823e64ddaa9809fc518c9685d17377bf7409e
vizag-VIIRS_NOAA20_NRT-2026-07-16-5.csv,vizag,VIIRS_NOAA20_NRT,2026-07-16,5,2026-09-27T09:46:57Z,200,6,686f0b155329f9b2708e3b2e7a429be692cf3d1d43aa5d8b6b7fb3a6d59fdf0c
vizag-VIIRS_NOAA20_NRT-2026-07-21-5.csv,vizag,VIIRS_NOAA20_NRT,2026-07-21,5,2026-09-27T09:47:00Z,200,2,ec7d0d07db9e39fe8603050eab4607bded46a304e9d132f2fed00b78c09e6018
vizag-VIIRS_NOAA20_NRT-2026-07-26-5.csv,vizag,VIIRS_NOAA20_NRT,2026-07-26,5,2026-09-27T09:47:03Z,200,1,35fd2bae8758dd56d2f4407348771df7e0f015ffe58b5a9e1e45e6c9bcee8933
vizag-VIIRS_NOAA20_NRT-2026-07-31-5.csv,vizag,VIIRS_NOAA20_NRT,2026-07-31,5,2026-09-27T09:47:06Z,200,10,933852d5799725308984f671384bf21172770179e3815babdefc0af64b98b215
vizag-VIIRS_NOAA20_NRT-2026-08-05-5.csv,vizag,VIIRS_NOAA20_NRT,2026-08-05,5,2026-09-27T09:47:09Z,200,0,2b11a44667d05367ecf77651b95fd3d34c545c7ec154856094b91245e41ae697
vizag-VIIRS_NOAA20_NRT-2026-08-10-5.csv,vizag,VIIRS_NOAA20_NRT,2026-08-10,5,2026-09-27T09:47:12Z,200,0,2b11a44667d05367ecf77651b95fd3d34c545c7ec154856094b91245e41ae697
vizag-VIIRS_NOAA20_NRT-2026-08-15-5.csv,vizag,VIIRS_NOAA20_NRT,2026-08-15,5,2026-09-27T09:47:15Z,200,0,2b11a44667d05367ecf77651b95fd3d34c545c7ec154856094b91245e41ae697
vizag-VIIRS_NOAA20_NRT-2026-08-20-5.csv,vizag,VIIRS_NOAA20_NRT,2026-08-20,5,2026-09-27T09:47:18Z,200,2,70e173c014b90bcecccefb9fd3f58d53d5ee5003c4ba0a2d00bb8970ddbff778
vizag-VIIRS_NOAA20_NRT-2026-08-25-5.csv,vizag,VIIRS_NOAA20_NRT,2026-08-25,5,2026-09-27T09:47:21Z,200,2,4896aa2c72ca0ee6f3645f2968675643f54c387cd31ebb476bcba6f163005073
vizag-VIIRS_NOAA20_NRT-2026-08-30-5.csv,vizag,VIIRS_NOAA20_NRT,2026-08-30,5,2026-09-27T09:47:24Z,200,6,a603b24bf2e4a8810345665a432a92f454a186c4fa23612087a395bb39b512a4
vizag-VIIRS_NOAA20_NRT-2026-09-04-5.csv,vizag,VIIRS_NOAA20_NRT,2026-09-04,5,2026-09-27T09:47:27Z,200,23,30b91f0dc963831b5dfb2ce636cd6212fa7a71605e21e2358b20e87c269f1e63
vizag-VIIRS_NOAA20_NRT-2026-09-09-5.csv,vizag,VIIRS_NOAA20_NRT,2026-09-09,5,2026-09-27T09:47:31Z,200,4,dfac944172348758ee3e437434bf3c919051b3e2302f9a7dfe4197cdd7ed5d81
vizag-VIIRS_NOAA20_NRT-2026-09-14-5.csv,vizag,VIIRS_NOAA20_NRT,2026-09-14,5,2026-09-27T09:47:34Z,200,13,d12cde9eff418274bda1c57dc48c323ff8c4759d5cff66cfeb0f66fc291d2f7c
vizag-VIIRS_NOAA20_NRT-2026-09-19-5.csv,vizag,VIIRS_NOAA20_NRT,2026-09-19,5,2026-09-27T09:47:37Z,200,4,fb7e620470f134158e89e897e2bc223cdfaf840b68af454a45c258a5aba9cec6
vizag-VIIRS_NOAA20_NRT-2026-09-24-2.csv,vizag,VIIRS_NOAA20_NRT,2026-09-24,2,2026-09-27T09:47:40Z,200,0,2b11a44667d05367ecf77651b95fd3d34c545c7ec154856094b91245e41ae697
vizag-VIIRS_NOAA20_SP-2026-03-30-5.csv,vizag,VIIRS_NOAA20_SP,2026-03-30,5,2026-09-27T09:45:49Z,200,58,d34267444e58a1d6d7e51f1890390e81fa4143610d762e48d462ee36af4a40bf
vizag-VIIRS_NOAA20_SP-2026-04-04-5.csv,vizag,VIIRS_NOAA20_SP,2026-04-04,5,2026-09-27T09:45:53Z,200,34,0a5909735b41917c74a277b0b715efcd6039bda5db3742b85b8b39d13c9b60a1
vizag-VIIRS_NOAA20_SP-2026-04-09-5.csv,vizag,VIIRS_NOAA20_SP,2026-04-09,5,2026-09-27T09:45:55Z,200,29,caec8a2d46767adaf6ae9562e41f7e9b28bdf24232224d3a173310681e30d044
vizag-VIIRS_NOAA20_SP-2026-04-14-5.csv,vizag,VIIRS_NOAA20_SP,2026-04-14,5,2026-09-27T09:45:58Z,200,40,7394bb38bdbcd9ce81ff966bf04809e893b84ca771768365fbadc820dfd0db2c
vizag-VIIRS_NOAA20_SP-2026-04-19-5.csv,vizag,VIIRS_NOAA20_SP,2026-04-19,5,2026-09-27T09:46:01Z,200,69,0311d579d683a4ce002a501af332bc6552ad2f76d8ac352e95c2c1d2eff7b835
vizag-VIIRS_NOAA20_SP-2026-04-24-5.csv,vizag,VIIRS_NOAA20_SP,2026-04-24,5,2026-09-27T09:46:04Z,200,55,e4ceb9923bc65556eaa958e88935d57b3628914e4011605d927efd8c1f436c8b
vizag-VIIRS_NOAA20_SP-2026-04-29-5.csv,vizag,VIIRS_NOAA20_SP,2026-04-29,5,2026-09-27T09:46:08Z,200,13,f1907e0e35c9414e2b0305112c2396c83dfb4d58f2498ef9fadc84013befa00d
vizag-VIIRS_NOAA20_SP-2026-05-04-5.csv,vizag,VIIRS_NOAA20_SP,2026-05-04,5,2026-09-27T09:46:10Z,200,21,696b3ffee14078cd88071ceed281b5f92911e4e63beb056992dbdfc53261770d
vizag-VIIRS_NOAA20_SP-2026-05-09-5.csv,vizag,VIIRS_NOAA20_SP,2026-05-09,5,2026-09-27T09:46:14Z,200,29,228ab02a1ece7d80405f614c7355663b8f2a486fc4edbf6e4e73f8694737df81
vizag-VIIRS_NOAA20_SP-2026-05-14-5.csv,vizag,VIIRS_NOAA20_SP,2026-05-14,5,2026-09-27T09:46:17Z,200,33,c47f9bbe748264bbefa2564ce79525d8488cf5570a9a894537e48705214bf069
vizag-VIIRS_NOAA20_SP-2026-05-19-5.csv,vizag,VIIRS_NOAA20_SP,2026-05-19,5,2026-09-27T09:46:20Z,200,18,f4f93a7233ca6f4f49c689668273e0da55c35bbc558eb2036dd139fd2c704cfe
vizag-VIIRS_NOAA20_SP-2026-05-24-5.csv,vizag,VIIRS_NOAA20_SP,2026-05-24,5,2026-09-27T09:46:23Z,200,16,5c841f692f1e4fd65c26819ab1b0fd43d552afda9405223549ee220144240711
vizag-VIIRS_NOAA20_SP-2026-05-29-5.csv,vizag,VIIRS_NOAA20_SP,2026-05-29,5,2026-09-27T09:46:26Z,200,11,48fb24f072f0e1d9008121922cb38961cf875e4100fa6b9722d7834a508a7073
vizag-VIIRS_NOAA20_SP-2026-06-03-5.csv,vizag,VIIRS_NOAA20_SP,2026-06-03,5,2026-09-27T09:46:30Z,200,18,cce642d094a7132ca8664a48cbcbb40efe7d3cc983e92248201cb9cac426d821
vizag-VIIRS_NOAA20_SP-2026-06-08-5.csv,vizag,VIIRS_NOAA20_SP,2026-06-08,5,2026-09-27T09:46:32Z,200,14,f1dba664bb34adcca745ca3f5caf95bde9a1346012e0db4095238ae0daa296f6
vizag-VIIRS_NOAA20_SP-2026-06-13-5.csv,vizag,VIIRS_NOAA20_SP,2026-06-13,5,2026-09-27T09:46:36Z,200,7,185196de793d3f1a8fd6a276c193a82ee553b6d0c124a5a3e80e07dc4d68c27c
vizag-VIIRS_NOAA20_SP-2026-06-18-5.csv,vizag,VIIRS_NOAA20_SP,2026-06-18,5,2026-09-27T09:46:39Z,200,1,65dfb6f354c1d6674dedaa49400393039b949ed1a864ca89c789fd30909ef358
vizag-VIIRS_NOAA20_SP-2026-06-23-5.csv,vizag,VIIRS_NOAA20_SP,2026-06-23,5,2026-09-27T09:46:41Z,200,3,965a471488f8530eb452bcbfadbd714ec3011d5f033c26894b42e29eff9257f4
vizag-VIIRS_NOAA20_SP-2026-06-28-3.csv,vizag,VIIRS_NOAA20_SP,2026-06-28,3,2026-09-27T09:46:45Z,200,1,15c6ee20d0209901f8ef575b46cc9962fdb1744069ac884ae4c02e98b7c5d6f5
