file,region,product,start_date,days,received_at_utc,http_status,rows,sha256
haldia-VIIRS_NOAA20_SP-2025-12-30-5.csv,haldia,VIIRS_NOAA20_SP,2025-12-30,5,2026-09-27T18:19:13Z,200,36,0b774cd04dc4b253d7d57eb4a9f7e7578ea353fce10d2a62ef2a8ac09880a196
haldia-VIIRS_NOAA20_SP-2026-01-04-5.csv,haldia,VIIRS_NOAA20_SP,2026-01-04,5,2026-09-27T18:19:17Z,200,38,058a98e08d9688fe7cf07a2cd3f207fad31cc22e64eba595a7d09cfd18e6dd67
haldia-VIIRS_NOAA20_SP-2026-01-09-5.csv,haldia,VIIRS_NOAA20_SP,2026-01-09,5,2026-09-27T18:19:20Z,200,46,a6450ebe27ccdab5456e29cc5a183eecb937c297ce911f99553021a71bbc6df6
haldia-VIIRS_NOAA20_SP-2026-01-14-5.csv,haldia,VIIRS_NOAA20_SP,2026-01-14,5,2026-09-27T18:19:23Z,200,50,42d471f03f8f861dc5836da24f326180dbff151600af46d1c514caeca4604a96
haldia-VIIRS_NOAA20_SP-2026-01-19-5.csv,haldia,VIIRS_NOAA20_SP,2026-01-19,5,2026-09-27T18:19:30Z,200,26,d03f4b9774d63a677038fef05b2c387904ea6f7a3cd5bba2d9878b103c2d2979
haldia-VIIRS_NOAA20_SP-2026-01-24-5.csv,haldia,VIIRS_NOAA20_SP,2026-01-24,5,2026-09-27T18:19:32Z,200,23,df4327ea0d21b1d3204d54561706b8a9f170387c57736fbffe893db5666bc54d
haldia-VIIRS_NOAA20_SP-2026-01-29-5.csv,haldia,VIIRS_NOAA20_SP,2026-01-29,5,2026-09-27T18:19:36Z,200,15,61ee742f72808bea06a0b4e1e2a04417c903479884f3dbc3137977ea54cc1041
haldia-VIIRS_NOAA20_SP-2026-02-03-5.csv,haldia,VIIRS_NOAA20_SP,2026-02-03,5,2026-09-27T18:19:39Z,200,20,575c3bcc399325a93d956e5c7c7f433c3e7fe2bf66bfcd5b59e349c527a2a846
haldia-VIIRS_NOAA20_SP-2026-02-08-5.csv,haldia,VIIRS_NOAA20_SP,2026-02-08,5,2026-09-27T18:19:42Z,200,32,4d34b6d4190d0f17b2d7be5ac40a74b2bc99b8e801d7c250e6b561076d4406c7
haldia-VIIRS_NOAA20_SP-2026-02-13-5.csv,haldia,VIIRS_NOAA20_SP,2026-02-13,5,2026-09-27T18:19:45Z,200,28,dcf2796183dcfb60b2c82bc9c8e8d35ff061eff961a27bd6f82e42a729ebca91
haldia-VIIRS_NOAA20_SP-2026-02-18-5.csv,haldia,VIIRS_NOAA20_SP,2026-02-18,5,2026-09-27T18:19:47Z,200,16,3174c70f4c4dd3a7a80c981a326cf1975db703401797333f78f6322d9fd78059
haldia-VIIRS_NOAA20_SP-2026-02-23-5.csv,haldia,VIIRS_NOAA20_SP,2026-02-23,5,2026-09-27T18:19:50Z,200,17,22d2b7bb86e0a92ff36efcb0329425821cf7a79b012721dd0ff9383e47620fd8
haldia-VIIRS_NOAA20_SP-2026-02-28-5.csv,haldia,VIIRS_NOAA20_SP,2026-02-28,5,2026-09-27T18:19:53Z,200,20,7ee0f684b71288a87200366bb6773a2b6fcf454e7663770055be2a43f72ba3ab
haldia-VIIRS_NOAA20_SP-2026-03-05-5.csv,haldia,VIIRS_NOAA20_SP,2026-03-05,5,2026-09-27T18:19:56Z,200,11,484ede8b8a84b8452ce8234016f7703093af1fcae27494d84dbd43ab2af01f4f
haldia-VIIRS_NOAA20_SP-2026-03-10-5.csv,haldia,VIIRS_NOAA20_SP,2026-03-10,5,2026-09-27T18:19:59Z,200,5,dd67bff169f0486c866a64e21510d814475e840714c5bcd6f74cb90f98d3b70b
haldia-VIIRS_NOAA20_SP-2026-03-15-5.csv,haldia,VIIRS_NOAA20_SP,2026-03-15,5,2026-09-27T18:20:02Z,200,4,86d7e0c892a1e6ea1aacb267177db2024dbcf113073242e5044226e09d684982
haldia-VIIRS_NOAA20_SP-2026-03-20-5.csv,haldia,VIIRS_NOAA20_SP,2026-03-20,5,2026-09-27T18:20:05Z,200,13,d8fa90366574b0e13b0577f64b384f2ab716c8268ef26965e50b16ca7dfb8d2e
haldia-VIIRS_NOAA20_SP-2026-03-25-5.csv,haldia,VIIRS_NOAA20_SP,2026-03-25,5,2026-09-27T18:20:08Z,200,11,f7a884f221f1396deea0e8be0267b3cd333805fdf13ab9563a97eed9647099e9
jamnagar-VIIRS_NOAA20_SP-2025-12-30-5.csv,jamnagar,VIIRS_NOAA20_SP,2025-12-30,5,2026-09-27T18:09:05Z,200,31,474a28ba2a3c91961cf34505a8e493bf10017371520b98a374a214e0a239e1a0
jamnagar-VIIRS_NOAA20_SP-2026-01-04-5.csv,jamnagar,VIIRS_NOAA20_SP,2026-01-04,5,2026-09-27T18:09:14Z,200,56,5b89d5f032283551d1c1b5475164d3f70969fa89ce7e98c19ee9903d2bba4c22
jamnagar-VIIRS_NOAA20_SP-2026-01-09-5.csv,jamnagar,VIIRS_NOAA20_SP,2026-01-09,5,2026-09-27T18:09:17Z,200,49,369a297f2cacde5a9959738e3788514b4cf20fc73cf79e8c853fdf5b8416e395
jamnagar-VIIRS_NOAA20_SP-2026-01-14-5.csv,jamnagar,VIIRS_NOAA20_SP,2026-01-14,5,2026-09-27T18:09:20Z,200,29,850f004bfc903334978b9c174c28b587f5df428208e11e470d6a67a105ae5eea
jamnagar-VIIRS_NOAA20_SP-2026-01-19-5.csv,jamnagar,VIIRS_NOAA20_SP,2026-01-19,5,2026-09-27T18:09:28Z,200,33,9a2c54af8e03b6e05e9ec3206d04f656f3745633db501c0ff14fd806d266859c
jamnagar-VIIRS_NOAA20_SP-2026-01-24-5.csv,jamnagar,VIIRS_NOAA20_SP,2026-01-24,5,2026-09-27T18:09:31Z,200,29,f337d254325baeeda264b4a77c010e1dbcb9bb52b69f317f443ecaa3ce7cfef5
jamnagar-VIIRS_NOAA20_SP-2026-01-29-5.csv,jamnagar,VIIRS_NOAA20_SP,2026-01-29,5,2026-09-27T18:09:34Z,200,35,f5219ffc4a1f3ba402a5c58bb55f707ce092e18f3f20496b1fcf8bb09cda68e3
jamnagar-VIIRS_NOAA20_SP-2026-02-03-5.csv,jamnagar,VIIRS_NOAA20_SP,2026-02-03,5,2026-09-27T18:09:36Z,200,39,2d1eb2a402eb7bc093776225beef1615e06cbf33e55954e0996d8ee53c271154
jamnagar-VIIRS_NOAA20_SP-2026-02-08-5.csv,jamnagar,VIIRS_NOAA20_SP,2026-02-08,5,2026-09-27T18:09:40Z,200,39,6e95ebd4c5bf0814edc0a275f471668a5f45bdcf7c580712e15050cc884a8230
jamnagar-VIIRS_NOAA20_SP-2026-02-13-5.csv,jamnagar,VIIRS_NOAA20_SP,2026-02-13,5,2026-09-27T18:09:43Z,200,34,3ce112ee3a9ad3c8389bc1eee4d97aab2e96aac6d1f5649d51923dc5eb280e9e
jamnagar-VIIRS_NOAA20_SP-2026-02-18-5.csv,jamnagar,VIIRS_NOAA20_SP,2026-02-18,5,2026-09-27T18:09:46Z,200,32,666e994a32611a6660c33f8f91c6891aeff7ae83b2525fd70be6081e8f7cd72b
jamnagar-VIIRS_NOAA20_SP-2026-02-23-5.csv,jamnagar,VIIRS_NOAA20_SP,2026-02-23,5,2026-09-27T18:09:49Z,200,24,10886e50aa9f4b2f6870c51feb2566dfad5e56192d861492ca97d207691a5804
jamnagar-VIIRS_NOAA20_SP-2026-02-28-5.csv,jamnagar,VIIRS_NOAA20_SP,2026-02-28,5,2026-09-27T18:09:52Z,200,24,c031e36d4719b273ae944f6e655c15182ab6291e075cfc7cf2d5ba5856b6eb85
jamnagar-VIIRS_NOAA20_SP-2026-03-05-5.csv,jamnagar,VIIRS_NOAA20_SP,2026-03-05,5,2026-09-27T18:09:55Z,200,21,2a14ec0ed7407f365d6829b98b32a60033d06a5c6299cd1ec3cae3d42e5a53ea
jamnagar-VIIRS_NOAA20_SP-2026-03-10-5.csv,jamnagar,VIIRS_NOAA20_SP,2026-03-10,5,2026-09-27T18:09:57Z,200,30,6bc2976ce5be6c7dc6f6772d46fc9f5a9309db77989fb4247aafc04ea45d7e1b
jamnagar-VIIRS_NOAA20_SP-2026-03-15-5.csv,jamnagar,VIIRS_NOAA20_SP,2026-03-15,5,2026-09-27T18:10:00Z,200,45,f7b53dabebe03a7302b52ce16767d3e9ff1daf1b16b01ee3cadc6130035d53e1
jamnagar-VIIRS_NOAA20_SP-2026-03-20-5.csv,jamnagar,VIIRS_NOAA20_SP,2026-03-20,5,2026-09-27T18:10:03Z,200,96,fcb176277cbecd557f82ee9e5b8772ec6fea545e880d2f978f1ff9c445bbed6e
jamnagar-VIIRS_NOAA20_SP-2026-03-25-5.csv,jamnagar,VIIRS_NOAA20_SP,2026-03-25,5,2026-09-27T18:10:06Z,200,147,2663125fb17ab5741e025c4635abf58a0cd476904b27cd7ea8028b627d8e394e
jharia-VIIRS_NOAA20_SP-2025-12-30-5.csv,jharia,VIIRS_NOAA20_SP,2025-12-30,5,2026-09-27T18:11:51Z,200,421,4b180db7ddfe389734f25dd895533e124cc66eaad557a7b512d1747fbb1a9bb0
jharia-VIIRS_NOAA20_SP-2026-01-04-5.csv,jharia,VIIRS_NOAA20_SP,2026-01-04,5,2026-09-27T18:11:55Z,200,460,a6209b69c630cfc9dba2b9e2502463aed28c65bacc4ec8b9d3eae765417cfd3d
jharia-VIIRS_NOAA20_SP-2026-01-09-5.csv,jharia,VIIRS_NOAA20_SP,2026-01-09,5,2026-09-27T18:12:02Z,200,485,0acce601b5fda87bac889f519cc9a8f1efec1ec66dc331f21bf8ad5bca695190
jharia-VIIRS_NOAA20_SP-2026-01-14-5.csv,jharia,VIIRS_NOAA20_SP,2026-01-14,5,2026-09-27T18:12:05Z,200,482,095e47d3e18ccb5dfa550052e82ba668bf49f63581c96f77eb9834a4b5fda0d8
jharia-VIIRS_NOAA20_SP-2026-01-19-5.csv,jharia,VIIRS_NOAA20_SP,2026-01-19,5,2026-09-27T18:12:08Z,200,460,7e334d9b43f3e8cae2f597bfe931b99787e78b077a32d581210e3c573024d486
jharia-VIIRS_NOAA20_SP-2026-01-24-5.csv,jharia,VIIRS_NOAA20_SP,2026-01-24,5,2026-09-27T18:12:11Z,200,437,6cf9bec7afeeb5bf1dc71c4053cc136a4c0c4593b90fa38d1e4398fd3eaffc3a
jharia-VIIRS_NOAA20_SP-2026-01-29-5.csv,jharia,VIIRS_NOAA20_SP,2026-01-29,5,2026-09-27T18:12:14Z,200,239,d8c29f5a578eddc71f7924a53a808e13354ede078b50e32fec747608ad59b00f
jharia-VIIRS_NOAA20_SP-2026-02-03-5.csv,jharia,VIIRS_NOAA20_SP,2026-02-03,5,2026-09-27T18:12:18Z,200,513,426bdc7c4d96c585a9e328271efef9b285512610054fd7259841db2048157fb4
jharia-VIIRS_NOAA20_SP-2026-02-08-5.csv,jharia,VIIRS_NOAA20_SP,2026-02-08,5,2026-09-27T18:12:21Z,200,475,a4f8b89fa111b9783f30577840aad19fc3d742df0f8dbe4bb73696eb77be762f
jharia-VIIRS_NOAA20_SP-2026-02-13-5.csv,jharia,VIIRS_NOAA20_SP,2026-02-13,5,2026-09-27T18:12:24Z,200,447,12b56380e7587329cbd86083aa00c9a4092ccbd033111f2ef09072897320c725
jharia-VIIRS_NOAA20_SP-2026-02-18-5.csv,jharia,VIIRS_NOAA20_SP,2026-02-18,5,2026-09-27T18:12:27Z,200,454,82aa47c2a8b4f3b3e1714ffa7d04ab5b960e4034ffc4a56691612423de5e2459
jharia-VIIRS_NOAA20_SP-2026-02-23-5.csv,jharia,VIIRS_NOAA20_SP,2026-02-23,5,2026-09-27T18:12:30Z,200,385,4f84dee0368e9a4fa4b6c9d6808945811e7bfb1159c7821a6fd4e86a46c1047b
jharia-VIIRS_NOAA20_SP-2026-02-28-5.csv,jharia,VIIRS_NOAA20_SP,2026-02-28,5,2026-09-27T18:12:34Z,200,456,8d5b8a469f8aa1009471e409caf75c08ef03172ee22e0de07e17bd0de5e0be4b
jharia-VIIRS_NOAA20_SP-2026-03-05-5.csv,jharia,VIIRS_NOAA20_SP,2026-03-05,5,2026-09-27T18:12:37Z,200,380,a688983cd63d49317840641fcd2fba1523b8a128b61b32aa3379e08757f4daa4
jharia-VIIRS_NOAA20_SP-2026-03-10-5.csv,jharia,VIIRS_NOAA20_SP,2026-03-10,5,2026-09-27T18:12:40Z,200,324,7b04ef0b68b67ba0d7ba874da409f1778166bc8115f7a3c0b6a7fcdaf689f2c4
jharia-VIIRS_NOAA20_SP-2026-03-15-5.csv,jharia,VIIRS_NOAA20_SP,2026-03-15,5,2026-09-27T18:12:43Z,200,141,d3309962a98190243f9c06011f33520dc5cc905f3cee79403286b294e3f8741b
jharia-VIIRS_NOAA20_SP-2026-03-20-5.csv,jharia,VIIRS_NOAA20_SP,2026-03-20,5,2026-09-27T18:12:46Z,200,373,8bc1afac4e8c122f3e901fae902a7d250fad616ff8d2b3bc1e456395c947239f
jharia-VIIRS_NOAA20_SP-2026-03-25-5.csv,jharia,VIIRS_NOAA20_SP,2026-03-25,5,2026-09-27T18:12:49Z,200,316,1ff89f2b4195d2efcd8abd8cc04f8cccb3c216ad29e1767d63b4f4d21d79ba94
kgbasin-VIIRS_NOAA20_SP-2025-12-30-5.csv,kgbasin,VIIRS_NOAA20_SP,2025-12-30,5,2026-09-27T18:21:18Z,200,2,3e3a866561bf297122098c43c58e42b298b254538ec1b7161a4412ba8c7c259e
kgbasin-VIIRS_NOAA20_SP-2026-01-04-5.csv,kgbasin,VIIRS_NOAA20_SP,2026-01-04,5,2026-09-27T18:21:21Z,200,8,abd22ca8564ba2ee26ae56b2773c50591820bad8947311105861feb86cfd4e42
kgbasin-VIIRS_NOAA20_SP-2026-01-09-5.csv,kgbasin,VIIRS_NOAA20_SP,2026-01-09,5,2026-09-27T18:21:24Z,200,2,0d9a9fca6c6605fec351c025794591a0a61753a5e51d7b542188218ed07c4d24
kgbasin-VIIRS_NOAA20_SP-2026-01-14-5.csv,kgbasin,VIIRS_NOAA20_SP,2026-01-14,5,2026-09-27T18:21:27Z,200,5,c53e1204e4f4eb1b09a7e68ff8bc437e3f734328effbbedd86fc6592c04851e1
kgbasin-VIIRS_NOAA20_SP-2026-01-19-5.csv,kgbasin,VIIRS_NOAA20_SP,2026-01-19,5,2026-09-27T18:21:30Z,200,1,13028246b8f1db04a642ad25c95ca5bf7147c15f97fcdd961e0aff1ec8f78603
kgbasin-VIIRS_NOAA20_SP-2026-01-24-5.csv,kgbasin,VIIRS_NOAA20_SP,2026-01-24,5,2026-09-27T18:21:33Z,200,9,7ac8546c8e121280c633a53d8d91c1f16588bafc0ead650ad0cdd183ade203d5
kgbasin-VIIRS_NOAA20_SP-2026-01-29-5.csv,kgbasin,VIIRS_NOAA20_SP,2026-01-29,5,2026-09-27T18:21:36Z,200,1,e35114409007a803003d5ef2c1b6c9f52d8be8d310bd9bdc7cb019e29bac71c6
kgbasin-VIIRS_NOAA20_SP-2026-02-03-5.csv,kgbasin,VIIRS_NOAA20_SP,2026-02-03,5,2026-09-27T18:21:39Z,200,5,605ef11e730bec6528ba71b3a635f8bfa888accd1610a80e17c38d8b03cf3020
kgbasin-VIIRS_NOAA20_SP-2026-02-08-5.csv,kgbasin,VIIRS_NOAA20_SP,2026-02-08,5,2026-09-27T18:21:42Z,200,3,86f08ee2496eaac9188e277270806cbb0a3e1baec2a2703ce43e0cdfa42b5fde
kgbasin-VIIRS_NOAA20_SP-2026-02-13-5.csv,kgbasin,VIIRS_NOAA20_SP,2026-02-13,5,2026-09-27T18:21:45Z,200,5,6b756d377e159db5a2a163c18c74f71ae867c834bcac7a726fb53b20fe33ad7c
kgbasin-VIIRS_NOAA20_SP-2026-02-18-5.csv,kgbasin,VIIRS_NOAA20_SP,2026-02-18,5,2026-09-27T18:21:47Z,200,5,55815e0a0f9aa34aa4b555cd7b3c1d6e26f7cb538d649a5798f01a7e57422323
kgbasin-VIIRS_NOAA20_SP-2026-02-23-5.csv,kgbasin,VIIRS_NOAA20_SP,2026-02-23,5,2026-09-27T18:21:50Z,200,5,6112762964ce902c61a50fbb25ba53dfe7931c08e25ab04a817e54686df2726b
kgbasin-VIIRS_NOAA20_SP-2026-02-28-5.csv,kgbasin,VIIRS_NOAA20_SP,2026-02-28,5,2026-09-27T18:21:53Z,200,9,3b69bde24d811ab4ac6aa5c240f7ecbec6d97b5a4a8f120c3c05f8b4e997f235
kgbasin-VIIRS_NOAA20_SP-2026-03-05-5.csv,kgbasin,VIIRS_NOAA20_SP,2026-03-05,5,2026-09-27T18:21:56Z,200,1,d4866accf799accf68cb6141185e234cf0af6fcb9a7a4b86a247ee57b51ba861
kgbasin-VIIRS_NOAA20_SP-2026-03-10-5.csv,kgbasin,VIIRS_NOAA20_SP,2026-03-10,5,2026-09-27T18:21:59Z,200,8,8c29cd6899838407c62ae8a3bcb03915c11e30b5020ca0df50688e2de645ad1d
kgbasin-VIIRS_NOAA20_SP-2026-03-15-5.csv,kgbasin,VIIRS_NOAA20_SP,2026-03-15,5,2026-09-27T18:22:02Z,200,4,3b04ce5eb9cfe2d45f618da8883ac6e7165f8ea135a74e52b35101f1f32bf6dd
kgbasin-VIIRS_NOAA20_SP-2026-03-20-5.csv,kgbasin,VIIRS_NOAA20_SP,2026-03-20,5,2026-09-27T18:22:07Z,200,2,4123604f8ffa5a3f6611745e9d302e4d179d4e4dc193ed96e4191a1ab421c5aa
kgbasin-VIIRS_NOAA20_SP-2026-03-25-5.csv,kgbasin,VIIRS_NOAA20_SP,2026-03-25,5,2026-09-27T18:22:11Z,200,4,6ddd2303097e003e9815a1652f92acaff774af47b865fe8005432481f22bc238
korba-VIIRS_NOAA20_SP-2025-12-30-5.csv,korba,VIIRS_NOAA20_SP,2025-12-30,5,2026-09-27T18:12:52Z,200,230,8c914a6028b317707fb6a2d568eb11f134b1c919780603735e4ab383a1161b92
korba-VIIRS_NOAA20_SP-2026-01-04-5.csv,korba,VIIRS_NOAA20_SP,2026-01-04,5,2026-09-27T18:12:55Z,200,213,a5fab2e2863bd0ec0100c7d8c7e15b541b47202ec84f2d800370318fe25c6e0e
korba-VIIRS_NOAA20_SP-2026-01-09-5.csv,korba,VIIRS_NOAA20_SP,2026-01-09,5,2026-09-27T18:12:58Z,200,278,7c4d412c81888226b0e4ede2fadcc467fa815085101bd1b1cdcba5df390c6229
korba-VIIRS_NOAA20_SP-2026-01-14-5.csv,korba,VIIRS_NOAA20_SP,2026-01-14,5,2026-09-27T18:13:01Z,200,224,9bd225d8c2351d18f336be7dc975a379825a89b6ea098ed677bf97c5c5b1fbb6
korba-VIIRS_NOAA20_SP-2026-01-19-5.csv,korba,VIIRS_NOAA20_SP,2026-01-19,5,2026-09-27T18:13:04Z,200,177,0730a6075efec2d2f7ab44020bd5a2fbcb907c60507b918318fb539c235b09ad
korba-VIIRS_NOAA20_SP-2026-01-24-5.csv,korba,VIIRS_NOAA20_SP,2026-01-24,5,2026-09-27T18:13:07Z,200,149,2118279c12cbb76df47e3264237ed24b3ef98c2e0698d58d133e49681b022c53
korba-VIIRS_NOAA20_SP-2026-01-29-5.csv,korba,VIIRS_NOAA20_SP,2026-01-29,5,2026-09-27T18:13:10Z,200,113,d89d1aadaa4651dacf8ddcd2ff08eb53137625fdc23ae37a6a5a6c4aacaa39e7
korba-VIIRS_NOAA20_SP-2026-02-03-5.csv,korba,VIIRS_NOAA20_SP,2026-02-03,5,2026-09-27T18:13:13Z,200,191,583adf5d49fba5a8af97599108b9bc37cfdb6db74e895e72561035fcb0581f46
korba-VIIRS_NOAA20_SP-2026-02-08-5.csv,korba,VIIRS_NOAA20_SP,2026-02-08,5,2026-09-27T18:13:16Z,200,198,40fd7db77c706e6e9de21f24215ad4ce7cac97b37e1b20b3899c6ebbd9752da0
korba-VIIRS_NOAA20_SP-2026-02-13-5.csv,korba,VIIRS_NOAA20_SP,2026-02-13,5,2026-09-27T18:13:19Z,200,217,5e74d028dfb3f5bcd5ddae4860ef8a3bc9070c1edb05f43ca4d703a93f344694
korba-VIIRS_NOAA20_SP-2026-02-18-5.csv,korba,VIIRS_NOAA20_SP,2026-02-18,5,2026-09-27T18:13:22Z,200,158,374f4baa2f743d0740bc955bbdefa4b8c3d14e0be97ad692a91ef7ce55f30e29
korba-VIIRS_NOAA20_SP-2026-02-23-5.csv,korba,VIIRS_NOAA20_SP,2026-02-23,5,2026-09-27T18:13:25Z,200,198,07c224cac40f8c414b2a96feeacfa1ba52d3d222bfc5c29963df3f0d83cbae4a
korba-VIIRS_NOAA20_SP-2026-02-28-5.csv,korba,VIIRS_NOAA20_SP,2026-02-28,5,2026-09-27T18:13:28Z,200,263,97a948745bd75ae8e919c93fcda8d09d123e2fed106c776394c476b5ea252057
korba-VIIRS_NOAA20_SP-2026-03-05-5.csv,korba,VIIRS_NOAA20_SP,2026-03-05,5,2026-09-27T18:13:32Z,200,189,73c25879b8b93e1b06d2417005dd0c421ce7d8605e947a4211f0eaa3dd49db5e
korba-VIIRS_NOAA20_SP-2026-03-10-5.csv,korba,VIIRS_NOAA20_SP,2026-03-10,5,2026-09-27T18:13:35Z,200,357,adac971ed08fd50979664bd9212a87c872d67d15ca17dc8b7a6300babd048184
korba-VIIRS_NOAA20_SP-2026-03-15-5.csv,korba,VIIRS_NOAA20_SP,2026-03-15,5,2026-09-27T18:13:37Z,200,112,bb125351c0c87b788d111aba56cf50f4c448686a7ffc935d9d967063467a4c7f
korba-VIIRS_NOAA20_SP-2026-03-20-5.csv,korba,VIIRS_NOAA20_SP,2026-03-20,5,2026-09-27T18:13:40Z,200,170,34f9a3029659813736e06f0c3ff6d277b79972ab049b5845ffc26455ef016c09
korba-VIIRS_NOAA20_SP-2026-03-25-5.csv,korba,VIIRS_NOAA20_SP,2026-03-25,5,2026-09-27T18:13:43Z,200,272,d67b61cceddf08eed846657cfa4b1f87453a961c618f7f6d1200338989c2d5f3
mathura-VIIRS_NOAA20_SP-2025-12-30-5.csv,mathura,VIIRS_NOAA20_SP,2025-12-30,5,2026-09-27T18:15:36Z,200,0,3505bc30679b4672e35048d886860827f74a34968ca654b30a18b6ab231990fd
mathura-VIIRS_NOAA20_SP-2026-01-04-5.csv,mathura,VIIRS_NOAA20_SP,2026-01-04,5,2026-09-27T18:15:39Z,200,0,3505bc30679b4672e35048d886860827f74a34968ca654b30a18b6ab231990fd
mathura-VIIRS_NOAA20_SP-2026-01-09-5.csv,mathura,VIIRS_NOAA20_SP,2026-01-09,5,2026-09-27T18:15:42Z,200,2,ba7a3a8e088bbb1f189a3e5b1449bb1f5e7f3f811bf5636976d7a618a6a366ea
mathura-VIIRS_NOAA20_SP-2026-01-14-5.csv,mathura,VIIRS_NOAA20_SP,2026-01-14,5,2026-09-27T18:15:44Z,200,1,2799e8a47ef1b55a6c1820de52ffd609acb7f75cc4a7524bd0512ed687113a7e
mathura-VIIRS_NOAA20_SP-2026-01-19-5.csv,mathura,VIIRS_NOAA20_SP,2026-01-19,5,2026-09-27T18:15:47Z,200,0,3505bc30679b4672e35048d886860827f74a34968ca654b30a18b6ab231990fd
mathura-VIIRS_NOAA20_SP-2026-01-24-5.csv,mathura,VIIRS_NOAA20_SP,2026-01-24,5,2026-09-27T18:15:50Z,200,2,f190c7bb6e81615cbf1d80d20ffc35f47701ef1f371fe9b7b24c3d87676656e1
mathura-VIIRS_NOAA20_SP-2026-01-29-5.csv,mathura,VIIRS_NOAA20_SP,2026-01-29,5,2026-09-27T18:15:55Z,200,1,d29f9c8580acf208d4a232c83ec6b19e71ad818931be5485ce33b84bae437e17
mathura-VIIRS_NOAA20_SP-2026-02-03-5.csv,mathura,VIIRS_NOAA20_SP,2026-02-03,5,2026-09-27T18:15:58Z,200,1,b190642d78a34855d93d12b54ddb2fc61acd9176c2490b257e2d5674c1d7af54
mathura-VIIRS_NOAA20_SP-2026-02-08-5.csv,mathura,VIIRS_NOAA20_SP,2026-02-08,5,2026-09-27T18:16:00Z,200,1,8b004650067f0e121fb87549ef92477135ec8241185342bd56a6e2718794e64e
mathura-VIIRS_NOAA20_SP-2026-02-13-5.csv,mathura,VIIRS_NOAA20_SP,2026-02-13,5,2026-09-27T18:16:03Z,200,1,f510db2bf8b90cf3cd238d287a1d409e0db471e16d18661aade3a54ea95db56f
mathura-VIIRS_NOAA20_SP-2026-02-18-5.csv,mathura,VIIRS_NOAA20_SP,2026-02-18,5,2026-09-27T18:16:06Z,200,2,174ecf39954928ff10306568aa8b05582be78cd6d7b640ef9f4ee9d43b7c3770
mathura-VIIRS_NOAA20_SP-2026-02-23-5.csv,mathura,VIIRS_NOAA20_SP,2026-02-23,5,2026-09-27T18:16:09Z,200,3,d2d663c3e49bedfffc25885438e6647d7af0b9654423a51b136abcf3c15f9011
mathura-VIIRS_NOAA20_SP-2026-02-28-5.csv,mathura,VIIRS_NOAA20_SP,2026-02-28,5,2026-09-27T18:16:11Z,200,4,60b20a0325b1644a99f6871350d62d171a31f7dda681f4f8865e44e0de071909
mathura-VIIRS_NOAA20_SP-2026-03-05-5.csv,mathura,VIIRS_NOAA20_SP,2026-03-05,5,2026-09-27T18:16:14Z,200,1,88675891b8782d1f47f8555c402d4dd1a0b5b4be35edae576446f9754b786381
mathura-VIIRS_NOAA20_SP-2026-03-10-5.csv,mathura,VIIRS_NOAA20_SP,2026-03-10,5,2026-09-27T18:16:17Z,200,0,3505bc30679b4672e35048d886860827f74a34968ca654b30a18b6ab231990fd
mathura-VIIRS_NOAA20_SP-2026-03-15-5.csv,mathura,VIIRS_NOAA20_SP,2026-03-15,5,2026-09-27T18:16:20Z,200,0,3505bc30679b4672e35048d886860827f74a34968ca654b30a18b6ab231990fd
mathura-VIIRS_NOAA20_SP-2026-03-20-5.csv,mathura,VIIRS_NOAA20_SP,2026-03-20,5,2026-09-27T18:16:23Z,200,0,3505bc30679b4672e35048d886860827f74a34968ca654b30a18b6ab231990fd
mathura-VIIRS_NOAA20_SP-2026-03-25-5.csv,mathura,VIIRS_NOAA20_SP,2026-03-25,5,2026-09-27T18:16:25Z,200,0,3505bc30679b4672e35048d886860827f74a34968ca654b30a18b6ab231990fd
mumbai-VIIRS_NOAA20_SP-2025-12-30-5.csv,mumbai,VIIRS_NOAA20_SP,2025-12-30,5,2026-09-27T18:18:18Z,200,72,a9f63c3a06aaeafccde7f4d5d38a6fbfc2330f5bb5b23f5fad98683812aa53b9
mumbai-VIIRS_NOAA20_SP-2026-01-04-5.csv,mumbai,VIIRS_NOAA20_SP,2026-01-04,5,2026-09-27T18:18:21Z,200,85,b4765be5bfccfbe8ddd1535e215049a3045d957c7a8b82987aa6cf6bfdc86f0c
mumbai-VIIRS_NOAA20_SP-2026-01-09-5.csv,mumbai,VIIRS_NOAA20_SP,2026-01-09,5,2026-09-27T18:18:24Z,200,134,0cad39c5bb35df95796a7bf27040dfb1a0316d181cfa2376deab2f7d4ac159fc
mumbai-VIIRS_NOAA20_SP-2026-01-14-5.csv,mumbai,VIIRS_NOAA20_SP,2026-01-14,5,2026-09-27T18:18:27Z,200,82,b4184d14edef9140ec26a309da69fa89ab97f665eb7afd57088f239d21e17077
mumbai-VIIRS_NOAA20_SP-2026-01-19-5.csv,mumbai,VIIRS_NOAA20_SP,2026-01-19,5,2026-09-27T18:18:30Z,200,72,f953165ad309068c929f37fe5da5c9c80621ec05360829fa134de837cdc0dddc
mumbai-VIIRS_NOAA20_SP-2026-01-24-5.csv,mumbai,VIIRS_NOAA20_SP,2026-01-24,5,2026-09-27T18:18:32Z,200,68,9f13717c41485928c50a81afac672eea5c692b58b75c28ab244f62a57f85ca11
mumbai-VIIRS_NOAA20_SP-2026-01-29-5.csv,mumbai,VIIRS_NOAA20_SP,2026-01-29,5,2026-09-27T18:18:35Z,200,62,0d1650db9fce32d6ef9ef3e3bb7c2029598afe9901d99b18d2518feb4efd4d61
mumbai-VIIRS_NOAA20_SP-2026-02-03-5.csv,mumbai,VIIRS_NOAA20_SP,2026-02-03,5,2026-09-27T18:18:38Z,200,85,adfa292680f20a3db5ad8d1a66283da14093d7520a1d4bd40b99b4df7f1a4607
mumbai-VIIRS_NOAA20_SP-2026-02-08-5.csv,mumbai,VIIRS_NOAA20_SP,2026-02-08,5,2026-09-27T18:18:41Z,200,130,d6890af744f289927492c2d84697f72597b8cf16efad1f271f9f4961a2a2ca31
mumbai-VIIRS_NOAA20_SP-2026-02-13-5.csv,mumbai,VIIRS_NOAA20_SP,2026-02-13,5,2026-09-27T18:18:44Z,200,87,6409f1200632170fa6c6787f57f3834a91633a9320ee0ed687102f7365f6cf2a
mumbai-VIIRS_NOAA20_SP-2026-02-18-5.csv,mumbai,VIIRS_NOAA20_SP,2026-02-18,5,2026-09-27T18:18:47Z,200,112,d9ff34a4e58028e1c0f6867aa70227fb2910e0802030c72e3f5938319b2db668
mumbai-VIIRS_NOAA20_SP-2026-02-23-5.csv,mumbai,VIIRS_NOAA20_SP,2026-02-23,5,2026-09-27T18:18:50Z,200,156,3878e3f0b51fcff828c2f3ca7fc1da7df6ebc3b8d44d45d48b98784a7608b1e8
mumbai-VIIRS_NOAA20_SP-2026-02-28-5.csv,mumbai,VIIRS_NOAA20_SP,2026-02-28,5,2026-09-27T18:18:53Z,200,191,ad4f789c8868133aac2caccfe4ae8b12c9649fa5bf56a1e6a7aab9da466be604
mumbai-VIIRS_NOAA20_SP-2026-03-05-5.csv,mumbai,VIIRS_NOAA20_SP,2026-03-05,5,2026-09-27T18:18:57Z,200,490,eb0af4d401ef64ec502c6710bbeba568d90519588e62cef3b5753efd4e2443e4
mumbai-VIIRS_NOAA20_SP-2026-03-10-5.csv,mumbai,VIIRS_NOAA20_SP,2026-03-10,5,2026-09-27T18:19:00Z,200,412,f3bbdd2a7ac8dcdc14bc9873dd01592e68e88fb1f30f92a81145b715d2968f03
mumbai-VIIRS_NOAA20_SP-2026-03-15-5.csv,mumbai,VIIRS_NOAA20_SP,2026-03-15,5,2026-09-27T18:19:04Z,200,141,448d1941ac21ff6480ccde08de36c0be473d2ce25c541f950129764db8ba9d03
mumbai-VIIRS_NOAA20_SP-2026-03-20-5.csv,mumbai,VIIRS_NOAA20_SP,2026-03-20,5,2026-09-27T18:19:07Z,200,378,86de7655f6dbf5b1cac3c4aa2c5154aca11b0428bf0968e8736b1a83f10058d2
mumbai-VIIRS_NOAA20_SP-2026-03-25-5.csv,mumbai,VIIRS_NOAA20_SP,2026-03-25,5,2026-09-27T18:19:10Z,200,262,63404f239f08d49573a2820fe45c2e61ff3575c504de6fb901d840ca965d05be
panipat-VIIRS_NOAA20_SP-2025-12-30-5.csv,panipat,VIIRS_NOAA20_SP,2025-12-30,5,2026-09-27T18:16:28Z,200,14,298ef4f2b5429e76fecb859acfef3f951b6941995f6caf9508bb37d230fe060d
panipat-VIIRS_NOAA20_SP-2026-01-04-5.csv,panipat,VIIRS_NOAA20_SP,2026-01-04,5,2026-09-27T18:16:31Z,200,21,8881e9bc456596e9df59b946850e6d499f48520a489ede47f84fa41fa7d83d04
panipat-VIIRS_NOAA20_SP-2026-01-09-5.csv,panipat,VIIRS_NOAA20_SP,2026-01-09,5,2026-09-27T18:16:34Z,200,18,f3c93becee64bc23d5b64da3269dad785ee89884dbbc9b646f3d8fb3c52225a5
panipat-VIIRS_NOAA20_SP-2026-01-14-5.csv,panipat,VIIRS_NOAA20_SP,2026-01-14,5,2026-09-27T18:16:37Z,200,18,14747d20c541c109906d5a44bd9fa6fb666d554affaa36e4191ce44793b9cda1
panipat-VIIRS_NOAA20_SP-2026-01-19-5.csv,panipat,VIIRS_NOAA20_SP,2026-01-19,5,2026-09-27T18:16:39Z,200,41,d6c15b909c4b4bbbe2310bbcce39e4b3975a6fc1f88bdadea46922b65869b4b5
panipat-VIIRS_NOAA20_SP-2026-01-24-5.csv,panipat,VIIRS_NOAA20_SP,2026-01-24,5,2026-09-27T18:16:42Z,200,4,b85d1d23d44f6b03441981d6018577636033177772081439c5e54d99dfdba726
panipat-VIIRS_NOAA20_SP-2026-01-29-5.csv,panipat,VIIRS_NOAA20_SP,2026-01-29,5,2026-09-27T18:16:44Z,200,9,d547dc3b107c567cc08aa8905c519d9cd131a019f80397c42e20ba411ea68e7e
panipat-VIIRS_NOAA20_SP-2026-02-03-5.csv,panipat,VIIRS_NOAA20_SP,2026-02-03,5,2026-09-27T18:16:47Z,200,28,3d58d94a61243c906a5440091bac1f4bb5d6a5be085111066df0994df87e965b
panipat-VIIRS_NOAA20_SP-2026-02-08-5.csv,panipat,VIIRS_NOAA20_SP,2026-02-08,5,2026-09-27T18:16:50Z,200,34,d00e7d0b53a54f36f02ef137d618fd2961d8b735a6e93593d73a9825de1d23d7
panipat-VIIRS_NOAA20_SP-2026-02-13-5.csv,panipat,VIIRS_NOAA20_SP,2026-02-13,5,2026-09-27T18:16:53Z,200,28,1569f7339ccb084292fc2e162f5468b0323caa8cc52f15d02b19bef08d9d0bdc
panipat-VIIRS_NOAA20_SP-2026-02-18-5.csv,panipat,VIIRS_NOAA20_SP,2026-02-18,5,2026-09-27T18:16:56Z,200,17,9996be78fc8ed5e24ddcedb7094f0b19265c6235708458d504f2cf0792aecf52
panipat-VIIRS_NOAA20_SP-2026-02-23-5.csv,panipat,VIIRS_NOAA20_SP,2026-02-23,5,2026-09-27T18:16:58Z,200,23,84de241245d4dda1e07cc0b7d31344ee4a9eb47e6f8adaa9b7934987c25db958
panipat-VIIRS_NOAA20_SP-2026-02-28-5.csv,panipat,VIIRS_NOAA20_SP,2026-02-28,5,2026-09-27T18:17:01Z,200,19,e5ade129e87d6dbf918d613b7b0b34bf17fc76f34d161f15e52e0220132de46a
panipat-VIIRS_NOAA20_SP-2026-03-05-5.csv,panipat,VIIRS_NOAA20_SP,2026-03-05,5,2026-09-27T18:17:09Z,200,16,0444be0eb889bc3361a2e6eedc925b5d45bcc73bda4382b53334a86007825833
panipat-VIIRS_NOAA20_SP-2026-03-10-5.csv,panipat,VIIRS_NOAA20_SP,2026-03-10,5,2026-09-27T18:17:12Z,200,1,44a9454841cfdf053344cc9cb9f46fa4fbc388b8105bd25190ddd50bb674a78c
panipat-VIIRS_NOAA20_SP-2026-03-15-5.csv,panipat,VIIRS_NOAA20_SP,2026-03-15,5,2026-09-27T18:17:15Z,200,3,82c857778ce422e6d88f5d4de6824d5037765e1b5d8fdc17d5ca7e5d4c899dea
panipat-VIIRS_NOAA20_SP-2026-03-20-5.csv,panipat,VIIRS_NOAA20_SP,2026-03-20,5,2026-09-27T18:17:17Z,200,4,1be9e46120aa7831f01c56c89100dc8b144bbba31ef36ec9780ab1e73f477b58
panipat-VIIRS_NOAA20_SP-2026-03-25-5.csv,panipat,VIIRS_NOAA20_SP,2026-03-25,5,2026-09-27T18:17:20Z,200,6,b724437cfb9bc39effd439e1f4ab480e602d322303c4e097ac5c1d71cca48669
paradip-VIIRS_NOAA20_SP-2025-12-30-5.csv,paradip,VIIRS_NOAA20_SP,2025-12-30,5,2026-09-27T18:14:46Z,200,30,9bea57c0f785820e51ef40202d1f7e13abd4be688a109230eebee3e7dc0ac2c9
paradip-VIIRS_NOAA20_SP-2026-01-04-5.csv,paradip,VIIRS_NOAA20_SP,2026-01-04,5,2026-09-27T18:14:49Z,200,134,636301af34bb66886739cc163e0a990d438c2c01b914a764ba63b16743d26383
paradip-VIIRS_NOAA20_SP-2026-01-09-5.csv,paradip,VIIRS_NOAA20_SP,2026-01-09,5,2026-09-27T18:14:51Z,200,133,59bb7dbba15fa53a01bd55b1b7e2239172b7a1f6fb5388d1b926774a5395a8d3
paradip-VIIRS_NOAA20_SP-2026-01-14-5.csv,paradip,VIIRS_NOAA20_SP,2026-01-14,5,2026-09-27T18:14:54Z,200,81,4f4be20b8fc1ad1e509ab01d1b565e14c46d94bf322627a93178f4b2bc7797a0
paradip-VIIRS_NOAA20_SP-2026-01-19-5.csv,paradip,VIIRS_NOAA20_SP,2026-01-19,5,2026-09-27T18:14:57Z,200,48,9523c22f0201305c93a15cdf2fc7fc98ab40199dedaba84ca577280d0973fe77
paradip-VIIRS_NOAA20_SP-2026-01-24-5.csv,paradip,VIIRS_NOAA20_SP,2026-01-24,5,2026-09-27T18:15:00Z,200,45,88bf7d3cd18614d836f0bce6fed290de741a204485d5ca2766cf183abb96c64e
paradip-VIIRS_NOAA20_SP-2026-01-29-5.csv,paradip,VIIRS_NOAA20_SP,2026-01-29,5,2026-09-27T18:15:03Z,200,11,1db27abe5a48a63aeff7a9aae621bbf3c02a0ae11adf56f4535cdfb1e4d42cd7
paradip-VIIRS_NOAA20_SP-2026-02-03-5.csv,paradip,VIIRS_NOAA20_SP,2026-02-03,5,2026-09-27T18:15:05Z,200,46,11b363316c136dc336a43277c23ffc03bb76cf9fdd3be91a2ad1e5d5479b8007
paradip-VIIRS_NOAA20_SP-2026-02-08-5.csv,paradip,VIIRS_NOAA20_SP,2026-02-08,5,2026-09-27T18:15:08Z,200,66,55d39ad2bc3ee5c174118f279ddb576f10716df4c685ad7c71ec04ac6bde298a
paradip-VIIRS_NOAA20_SP-2026-02-13-5.csv,paradip,VIIRS_NOAA20_SP,2026-02-13,5,2026-09-27T18:15:11Z,200,51,727a811e5dc8207b4ebfcd0763a47998d6bfe6828b7b796cdc7cada51bd15edf
paradip-VIIRS_NOAA20_SP-2026-02-18-5.csv,paradip,VIIRS_NOAA20_SP,2026-02-18,5,2026-09-27T18:15:14Z,200,67,cfc7e308d39e1dbc104a5829ff77ff1d9b4f9a9865d2c173d5f3923ddab9d436
paradip-VIIRS_NOAA20_SP-2026-02-23-5.csv,paradip,VIIRS_NOAA20_SP,2026-02-23,5,2026-09-27T18:15:16Z,200,32,71e0e0f42817ad86c9bba1be4e3103ec8b916fa41f2e3c0ba05254123cb2c372
paradip-VIIRS_NOAA20_SP-2026-02-28-5.csv,paradip,VIIRS_NOAA20_SP,2026-02-28,5,2026-09-27T18:15:19Z,200,41,73e3a6416288c505b9bb6170006b1d1053471f663ec0ae3089c4c76ad0896360
paradip-VIIRS_NOAA20_SP-2026-03-05-5.csv,paradip,VIIRS_NOAA20_SP,2026-03-05,5,2026-09-27T18:15:22Z,200,14,c9109ca96de08330736a1b303609debde73311dbf23b3b6863b7c7bff15e2ee5
paradip-VIIRS_NOAA20_SP-2026-03-10-5.csv,paradip,VIIRS_NOAA20_SP,2026-03-10,5,2026-09-27T18:15:25Z,200,3,b708657b9a08193919641c06256d174b5aef83c257a9f76e5b5fd722e9a82b71
paradip-VIIRS_NOAA20_SP-2026-03-15-5.csv,paradip,VIIRS_NOAA20_SP,2026-03-15,5,2026-09-27T18:15:28Z,200,7,39c7c5cee4d73d1335eae0abda55b6a314ac11a50e8c78c11137543021a73238
paradip-VIIRS_NOAA20_SP-2026-03-20-5.csv,paradip,VIIRS_NOAA20_SP,2026-03-20,5,2026-09-27T18:15:30Z,200,11,b6523618ab7e610a482663826a45e7987f2788e650f06de35fdb2049a54abdef
paradip-VIIRS_NOAA20_SP-2026-03-25-5.csv,paradip,VIIRS_NOAA20_SP,2026-03-25,5,2026-09-27T18:15:33Z,200,12,fd2b466f29b3f9a49a30ad8b5593349ca4b3046acce7c154a576980a61fad25d
punjab-VIIRS_NOAA20_SP-2025-12-30-5.csv,punjab,VIIRS_NOAA20_SP,2025-12-30,5,2026-09-27T18:11:01Z,200,0,3505bc30679b4672e35048d886860827f74a34968ca654b30a18b6ab231990fd
punjab-VIIRS_NOAA20_SP-2026-01-04-5.csv,punjab,VIIRS_NOAA20_SP,2026-01-04,5,2026-09-27T18:11:04Z,200,0,3505bc30679b4672e35048d886860827f74a34968ca654b30a18b6ab231990fd
punjab-VIIRS_NOAA20_SP-2026-01-09-5.csv,punjab,VIIRS_NOAA20_SP,2026-01-09,5,2026-09-27T18:11:07Z,200,0,3505bc30679b4672e35048d886860827f74a34968ca654b30a18b6ab231990fd
punjab-VIIRS_NOAA20_SP-2026-01-14-5.csv,punjab,VIIRS_NOAA20_SP,2026-01-14,5,2026-09-27T18:11:10Z,200,0,3505bc30679b4672e35048d886860827f74a34968ca654b30a18b6ab231990fd
punjab-VIIRS_NOAA20_SP-2026-01-19-5.csv,punjab,VIIRS_NOAA20_SP,2026-01-19,5,2026-09-27T18:11:13Z,200,0,3505bc30679b4672e35048d886860827f74a34968ca654b30a18b6ab231990fd
punjab-VIIRS_NOAA20_SP-2026-01-24-5.csv,punjab,VIIRS_NOAA20_SP,2026-01-24,5,2026-09-27T18:11:15Z,200,2,28f1720cbc878afbf48d46dc565603f9fce92b233231d151f2def3365e46fed9
punjab-VIIRS_NOAA20_SP-2026-01-29-5.csv,punjab,VIIRS_NOAA20_SP,2026-01-29,5,2026-09-27T18:11:18Z,200,1,459e854cee257bfce09f6c618b80bd1a4aca7eb8721797a3d669a687b12385e1
punjab-VIIRS_NOAA20_SP-2026-02-03-5.csv,punjab,VIIRS_NOAA20_SP,2026-02-03,5,2026-09-27T18:11:21Z,200,5,bdd1ce7c304838d837ad7a65c75d7e02bea1e0e9b6d1a3b202f9606392041ff9
punjab-VIIRS_NOAA20_SP-2026-02-08-5.csv,punjab,VIIRS_NOAA20_SP,2026-02-08,5,2026-09-27T18:11:24Z,200,2,f62aa4b15227b6ec42b8cf8676f73ec1e79968724f6feb0aa20b656455900ce8
punjab-VIIRS_NOAA20_SP-2026-02-13-5.csv,punjab,VIIRS_NOAA20_SP,2026-02-13,5,2026-09-27T18:11:26Z,200,4,1f6f39fcadf0e00351b482b5dd50556b05f16e72cb23bd59d46919e038c10b83
punjab-VIIRS_NOAA20_SP-2026-02-18-5.csv,punjab,VIIRS_NOAA20_SP,2026-02-18,5,2026-09-27T18:11:29Z,200,2,f3be76c5f9ca45cfd9912484ad0b636344291d5d8e90d58ab996876cc7b71ef8
punjab-VIIRS_NOAA20_SP-2026-02-23-5.csv,punjab,VIIRS_NOAA20_SP,2026-02-23,5,2026-09-27T18:11:32Z,200,1,866f3152a04c5ec4a904901d4cf80b0b73c8bb5721b530e8dcf5d8a96d7f40e3
punjab-VIIRS_NOAA20_SP-2026-02-28-5.csv,punjab,VIIRS_NOAA20_SP,2026-02-28,5,2026-09-27T18:11:35Z,200,2,6f23f564064159e4719c512eaf37404b554090b735eeb32d0ed442c77bd913d4
punjab-VIIRS_NOAA20_SP-2026-03-05-5.csv,punjab,VIIRS_NOAA20_SP,2026-03-05,5,2026-09-27T18:11:37Z,200,3,0c4c06dd09d3932313d58677940c222854b6615f16ede8a9dca50cd3bb5109d7
punjab-VIIRS_NOAA20_SP-2026-03-10-5.csv,punjab,VIIRS_NOAA20_SP,2026-03-10,5,2026-09-27T18:11:40Z,200,2,1eeaf25f00a7e3cbbdaa68dbc0a9adc5c6f45807e76e7ee37d6acab1727892f5
punjab-VIIRS_NOAA20_SP-2026-03-15-5.csv,punjab,VIIRS_NOAA20_SP,2026-03-15,5,2026-09-27T18:11:43Z,200,3,c986dd596b75a7756663a32e94493e8dc1cd8a346d68e666adcdb1c047300d8a
punjab-VIIRS_NOAA20_SP-2026-03-20-5.csv,punjab,VIIRS_NOAA20_SP,2026-03-20,5,2026-09-27T18:11:46Z,200,2,f228240753610fd8fbee57255ad39e7cc567a9fead05743b458f53970e5d9bff
punjab-VIIRS_NOAA20_SP-2026-03-25-5.csv,punjab,VIIRS_NOAA20_SP,2026-03-25,5,2026-09-27T18:11:49Z,200,0,3505bc30679b4672e35048d886860827f74a34968ca654b30a18b6ab231990fd
simlipal-VIIRS_NOAA20_SP-2025-12-30-5.csv,simlipal,VIIRS_NOAA20_SP,2025-12-30,5,2026-09-27T18:20:12Z,200,8,5e3fc5d3f62ca6324a0a3d8ea22a4119bdfa97f2c1f418662911b69e427639cb
simlipal-VIIRS_NOAA20_SP-2026-01-04-5.csv,simlipal,VIIRS_NOAA20_SP,2026-01-04,5,2026-09-27T18:20:15Z,200,19,a9283c16d72beb919313a569dbfc1ced5bd84822f58c5aef35452c7981b7e257
simlipal-VIIRS_NOAA20_SP-2026-01-09-5.csv,simlipal,VIIRS_NOAA20_SP,2026-01-09,5,2026-09-27T18:20:22Z,200,50,fd56d673bcb684791e6f0ec2705c24401662c172a093fab3d05337ba6c95c52c
simlipal-VIIRS_NOAA20_SP-2026-01-14-5.csv,simlipal,VIIRS_NOAA20_SP,2026-01-14,5,2026-09-27T18:20:25Z,200,34,008762e9ecb117f9f1afa6b324e19deba50df749252ba41f569a28b75993663c
simlipal-VIIRS_NOAA20_SP-2026-01-19-5.csv,simlipal,VIIRS_NOAA20_SP,2026-01-19,5,2026-09-27T18:20:29Z,200,33,2f1397cab7f2926c1c6492cd7883c93064ee5b48877821da8e4de56988f397c6
simlipal-VIIRS_NOAA20_SP-2026-01-24-5.csv,simlipal,VIIRS_NOAA20_SP,2026-01-24,5,2026-09-27T18:20:33Z,200,40,24c62569ee3e422143388cc0f0b401d0f4eeaa566a601580a2668760c9d70db3
simlipal-VIIRS_NOAA20_SP-2026-01-29-5.csv,simlipal,VIIRS_NOAA20_SP,2026-01-29,5,2026-09-27T18:20:36Z,200,19,399f5aa4b5317b2d8e5e35b8438d9cc304f4a95ca4b85a72be150deb3d452ff6
simlipal-VIIRS_NOAA20_SP-2026-02-03-5.csv,simlipal,VIIRS_NOAA20_SP,2026-02-03,5,2026-09-27T18:20:40Z,200,67,fa82919bf5c64768383a5d0ab3ea49d266fa40fe90e9a1f6410d8241532d0e12
simlipal-VIIRS_NOAA20_SP-2026-02-08-5.csv,simlipal,VIIRS_NOAA20_SP,2026-02-08,5,2026-09-27T18:20:44Z,200,97,55d4875fd26067d66c6f38390a26d2c11c5cc6ceca26245c718d616276e6aa3d
simlipal-VIIRS_NOAA20_SP-2026-02-13-5.csv,simlipal,VIIRS_NOAA20_SP,2026-02-13,5,2026-09-27T18:20:47Z,200,88,20886a8b1547b73e661fedbd523c721870c3ce0bc0419177e9b186029595b98a
simlipal-VIIRS_NOAA20_SP-2026-02-18-5.csv,simlipal,VIIRS_NOAA20_SP,2026-02-18,5,2026-09-27T18:20:52Z,200,94,ee8453e56c834c9530b5cadd951a3ccbdf08da12941f905662335382dc418897
simlipal-VIIRS_NOAA20_SP-2026-02-23-5.csv,simlipal,VIIRS_NOAA20_SP,2026-02-23,5,2026-09-27T18:20:56Z,200,78,f745477b6fd03382c61a7a97a1805de73f806f6cd8eb8d6f8908c351c740b2f0
simlipal-VIIRS_NOAA20_SP-2026-02-28-5.csv,simlipal,VIIRS_NOAA20_SP,2026-02-28,5,2026-09-27T18:20:59Z,200,468,e901e4eaf0974d218366cdcd192af19eaeee0f182e54b9d165c70568f8d287c3
simlipal-VIIRS_NOAA20_SP-2026-03-05-5.csv,simlipal,VIIRS_NOAA20_SP,2026-03-05,5,2026-09-27T18:21:02Z,200,286,ab0479f5cedce16034f38acf0a74ae4567716117f695db20569dd55d919c76cc
simlipal-VIIRS_NOAA20_SP-2026-03-10-5.csv,simlipal,VIIRS_NOAA20_SP,2026-03-10,5,2026-09-27T18:21:06Z,200,116,9daa5e04462bc76d2ad5266f764a52cd9f3bd7fd068e76e037f282638088e017
simlipal-VIIRS_NOAA20_SP-2026-03-15-5.csv,simlipal,VIIRS_NOAA20_SP,2026-03-15,5,2026-09-27T18:21:08Z,200,18,5035412fc1349d29e87bac1a87d4e399383e204496272cd96860c8b11f16f98a
simlipal-VIIRS_NOAA20_SP-2026-03-20-5.csv,simlipal,VIIRS_NOAA20_SP,2026-03-20,5,2026-09-27T18:21:11Z,200,11,31a5717fab29295087c98d5b44571ea0c93885bce79868908dfaf6bc60053642
simlipal-VIIRS_NOAA20_SP-2026-03-25-5.csv,simlipal,VIIRS_NOAA20_SP,2026-03-25,5,2026-09-27T18:21:14Z,200,31,b623ff14f2c38ea9ca952e3c942daf101f6a72dd5b54d240770d9e8700a8ebfb
singrauli-VIIRS_NOAA20_SP-2025-12-30-5.csv,singrauli,VIIRS_NOAA20_SP,2025-12-30,5,2026-09-27T18:10:10Z,200,79,704ec9d1b8844a5994a4f591ce60e9e9af33634a6bdccdab2490491280421819
singrauli-VIIRS_NOAA20_SP-2026-01-04-5.csv,singrauli,VIIRS_NOAA20_SP,2026-01-04,5,2026-09-27T18:10:13Z,200,57,395694f8df5569a8a0c530e5f6dd65bbf3eee28f576d1ecf750dc5f81e143998
singrauli-VIIRS_NOAA20_SP-2026-01-09-5.csv,singrauli,VIIRS_NOAA20_SP,2026-01-09,5,2026-09-27T18:10:16Z,200,56,7d4a6f0391f3fff79846f144ac0e9e24de861edd66422605698e05a2a9868e74
singrauli-VIIRS_NOAA20_SP-2026-01-14-5.csv,singrauli,VIIRS_NOAA20_SP,2026-01-14,5,2026-09-27T18:10:18Z,200,64,c2750581107dc0b4a03259eb764327a1ebe4387cbfb32fcddc9410e726339a47
singrauli-VIIRS_NOAA20_SP-2026-01-19-5.csv,singrauli,VIIRS_NOAA20_SP,2026-01-19,5,2026-09-27T18:10:21Z,200,54,8795335174000b26f16083b647793a5030f37f723bf1cad07dbc5a5613be61a7
singrauli-VIIRS_NOAA20_SP-2026-01-24-5.csv,singrauli,VIIRS_NOAA20_SP,2026-01-24,5,2026-09-27T18:10:24Z,200,37,cae031c4098e325e29bdbb14273b719edc61eefc8f01c174ec0bb068295708e4
singrauli-VIIRS_NOAA20_SP-2026-01-29-5.csv,singrauli,VIIRS_NOAA20_SP,2026-01-29,5,2026-09-27T18:10:27Z,200,35,0eb2aaf0fc579323ba62b3fb50235dd4499d8b18fbd489e98b97258666e82e7a
singrauli-VIIRS_NOAA20_SP-2026-02-03-5.csv,singrauli,VIIRS_NOAA20_SP,2026-02-03,5,2026-09-27T18:10:29Z,200,53,5cadd131594e57a5f018f02bd64d9caa8a5f82f17e0b0543f23aed0f82d14ea3
singrauli-VIIRS_NOAA20_SP-2026-02-08-5.csv,singrauli,VIIRS_NOAA20_SP,2026-02-08,5,2026-09-27T18:10:32Z,200,42,cf7d78419a791b84fd8cc8186cede1ae0745a57bb6507c728b0060f3efe12e00
singrauli-VIIRS_NOAA20_SP-2026-02-13-5.csv,singrauli,VIIRS_NOAA20_SP,2026-02-13,5,2026-09-27T18:10:35Z,200,41,16d85a913c6951872933af5cc07885f5fd14374bf6b30395ecb4e92ca446fe68
singrauli-VIIRS_NOAA20_SP-2026-02-18-5.csv,singrauli,VIIRS_NOAA20_SP,2026-02-18,5,2026-09-27T18:10:38Z,200,35,96610445ba4fec28a81c0cce4cb8fce4baa413558aa6ea132565c17d8fcca4d9
singrauli-VIIRS_NOAA20_SP-2026-02-23-5.csv,singrauli,VIIRS_NOAA20_SP,2026-02-23,5,2026-09-27T18:10:41Z,200,30,baf8f1c1749a6ac37717f4a1a70cd95eea5ec89d9cb551dbdacae3608a2309ce
singrauli-VIIRS_NOAA20_SP-2026-02-28-5.csv,singrauli,VIIRS_NOAA20_SP,2026-02-28,5,2026-09-27T18:10:44Z,200,30,176655abfe1d0ec7015d07d673c35fe00de657550dbeaf9fb9a336040aeee8ef
singrauli-VIIRS_NOAA20_SP-2026-03-05-5.csv,singrauli,VIIRS_NOAA20_SP,2026-03-05,5,2026-09-27T18:10:46Z,200,36,634d237fb5d5dcf7f1ae7875faca94220c4adb11025470c68fd0fcfbbc4fb6f3
singrauli-VIIRS_NOAA20_SP-2026-03-10-5.csv,singrauli,VIIRS_NOAA20_SP,2026-03-10,5,2026-09-27T18:10:49Z,200,88,59f99079df789590f63ba5f1a1792d107c434cd56b44c94e902652fa86db75ee
singrauli-VIIRS_NOAA20_SP-2026-03-15-5.csv,singrauli,VIIRS_NOAA20_SP,2026-03-15,5,2026-09-27T18:10:52Z,200,210,582ba785e478eaa15d99059440f11681f4e12e3f7d7edcfc440731b61af85129
singrauli-VIIRS_NOAA20_SP-2026-03-20-5.csv,singrauli,VIIRS_NOAA20_SP,2026-03-20,5,2026-09-27T18:10:55Z,200,119,e7dac9748c987778ceb9ec3e3cfb08cbaa82904a78574dc999d1bccef5e30598
singrauli-VIIRS_NOAA20_SP-2026-03-25-5.csv,singrauli,VIIRS_NOAA20_SP,2026-03-25,5,2026-09-27T18:10:59Z,200,390,05999c3415f6b12bd1c89d2abb5d2cbe970ae537f275fabf5dd2df7999701d7c
talcher-VIIRS_NOAA20_SP-2025-12-30-5.csv,talcher,VIIRS_NOAA20_SP,2025-12-30,5,2026-09-27T18:13:46Z,200,204,78ec49dbe2ba237cde1d5b0c2c17d3d95457864b5b003b7626d066dbc3a0909d
talcher-VIIRS_NOAA20_SP-2026-01-04-5.csv,talcher,VIIRS_NOAA20_SP,2026-01-04,5,2026-09-27T18:13:50Z,200,235,8a0c3cae3c0058cfcc2906c6cf24706d26c0015bb7bb3ee630637b7338ceabe1
talcher-VIIRS_NOAA20_SP-2026-01-09-5.csv,talcher,VIIRS_NOAA20_SP,2026-01-09,5,2026-09-27T18:13:53Z,200,278,40fe94852be45b4472d8507653ccd2e7add90bdf00c8af2ed55f0d58a7590cd1
talcher-VIIRS_NOAA20_SP-2026-01-14-5.csv,talcher,VIIRS_NOAA20_SP,2026-01-14,5,2026-09-27T18:13:56Z,200,321,eeda55d52ab64edd30480395e376928173f87e13507b619a51d068a0e99909e9
talcher-VIIRS_NOAA20_SP-2026-01-19-5.csv,talcher,VIIRS_NOAA20_SP,2026-01-19,5,2026-09-27T18:13:59Z,200,282,245bbb0fa6b4f2cdf3d18490bd5400f432c0f8db32285b0fded5dae480d48a01
talcher-VIIRS_NOAA20_SP-2026-01-24-5.csv,talcher,VIIRS_NOAA20_SP,2026-01-24,5,2026-09-27T18:14:02Z,200,315,32f8a6844d6e17d5b0a4fd96654b2d94a9e45f1fb2409b92133b8044a5a23c46
talcher-VIIRS_NOAA20_SP-2026-01-29-5.csv,talcher,VIIRS_NOAA20_SP,2026-01-29,5,2026-09-27T18:14:05Z,200,207,955f3dfb7de15ed885e156abc2f59c9edda2c0615d306a8fbbf843803392d785
talcher-VIIRS_NOAA20_SP-2026-02-03-5.csv,talcher,VIIRS_NOAA20_SP,2026-02-03,5,2026-09-27T18:14:08Z,200,260,5705303802d511a9aa72076f869fb0b2321cba97530bb16b90b782b5e06a8add
talcher-VIIRS_NOAA20_SP-2026-02-08-5.csv,talcher,VIIRS_NOAA20_SP,2026-02-08,5,2026-09-27T18:14:11Z,200,329,77ad4a54df3dddc64ec962adab1a6da53f0ad5363f4febb3bad217db7aeb6dcb
talcher-VIIRS_NOAA20_SP-2026-02-13-5.csv,talcher,VIIRS_NOAA20_SP,2026-02-13,5,2026-09-27T18:14:14Z,200,296,d02a151d50c1052e1d35958873ac58ff0cfefdd433432aca7d7c01db42ac76b9
talcher-VIIRS_NOAA20_SP-2026-02-18-5.csv,talcher,VIIRS_NOAA20_SP,2026-02-18,5,2026-09-27T18:14:17Z,200,249,476157bca9fd5db2bb512ef9a5a63052364b639fe6eeb94edc0835cb34935702
talcher-VIIRS_NOAA20_SP-2026-02-23-5.csv,talcher,VIIRS_NOAA20_SP,2026-02-23,5,2026-09-27T18:14:20Z,200,435,d06c2e00d2aff8f36c4ff6d6acddfe899c622a467ad28f705b891cb29c34783f
talcher-VIIRS_NOAA20_SP-2026-02-28-5.csv,talcher,VIIRS_NOAA20_SP,2026-02-28,5,2026-09-27T18:14:24Z,200,804,a992d91ea11f22ffbd4c1f5038edd0d13ebc85c8028f7d651fb1f17f737df06b
talcher-VIIRS_NOAA20_SP-2026-03-05-5.csv,talcher,VIIRS_NOAA20_SP,2026-03-05,5,2026-09-27T18:14:27Z,200,652,a6c8c780ae6f66de0de4a996a1e0155ef726a24d1604fbf17ba0b5bd22e04e4b
talcher-VIIRS_NOAA20_SP-2026-03-10-5.csv,talcher,VIIRS_NOAA20_SP,2026-03-10,5,2026-09-27T18:14:31Z,200,1103,d56f0c3d8551b54ae765deccefbae7bea94de0ddbaef179e3a5d827c509b8480
talcher-VIIRS_NOAA20_SP-2026-03-15-5.csv,talcher,VIIRS_NOAA20_SP,2026-03-15,5,2026-09-27T18:14:34Z,200,162,5c6cb2819eb3b6196f9677a91afb03a6b3f6bf5732bbbd440d02214bb9444208
talcher-VIIRS_NOAA20_SP-2026-03-20-5.csv,talcher,VIIRS_NOAA20_SP,2026-03-20,5,2026-09-27T18:14:37Z,200,491,7bdb25fe7f73dd6a24311de70e99a13683876ab88e73cb11a645f0915dfd7b73
talcher-VIIRS_NOAA20_SP-2026-03-25-5.csv,talcher,VIIRS_NOAA20_SP,2026-03-25,5,2026-09-27T18:14:40Z,200,429,de2d3b69bd37155c49810b5a2eedd8cca5a8c4d8e5bb33c5ac5b6849ef8ff7a3
vizag-VIIRS_NOAA20_SP-2025-12-30-5.csv,vizag,VIIRS_NOAA20_SP,2025-12-30,5,2026-09-27T18:17:23Z,200,33,56a3da50f16109c1fe2f8c865c90946bebdbb6d5452ac2f467005805c4ebaf6b
vizag-VIIRS_NOAA20_SP-2026-01-04-5.csv,vizag,VIIRS_NOAA20_SP,2026-01-04,5,2026-09-27T18:17:26Z,200,49,f1a825cc97f056a853fe4de33545b48fbf575abb6432ab93e4ca441a304d1b5c
vizag-VIIRS_NOAA20_SP-2026-01-09-5.csv,vizag,VIIRS_NOAA20_SP,2026-01-09,5,2026-09-27T18:17:34Z,200,24,2a52d870e7f5bd2e6080768060b008421e4788ec8bd175ebb265acfba0d23109
vizag-VIIRS_NOAA20_SP-2026-01-14-5.csv,vizag,VIIRS_NOAA20_SP,2026-01-14,5,2026-09-27T18:17:37Z,200,39,24b0a0bc8fc60be77f37222f3908bab13f58e677f5ed5b338ae1d248dc03f0ca
vizag-VIIRS_NOAA20_SP-2026-01-19-5.csv,vizag,VIIRS_NOAA20_SP,2026-01-19,5,2026-09-27T18:17:40Z,200,59,8809bdf079a498050c70bfcd625cbe6b1e35749f948d8afcebebc1cd7c262438
vizag-VIIRS_NOAA20_SP-2026-01-24-5.csv,vizag,VIIRS_NOAA20_SP,2026-01-24,5,2026-09-27T18:17:43Z,200,30,cb16446e73c91d1374d8cdef37894b958de4cd14638cb6e1a23d28d1b8715dad
vizag-VIIRS_NOAA20_SP-2026-01-29-5.csv,vizag,VIIRS_NOAA20_SP,2026-01-29,5,2026-09-27T18:17:45Z,200,51,d4d031627af4ed27be4915e97de828f4b6527ae3022518555564ed791fe027e6
vizag-VIIRS_NOAA20_SP-2026-02-03-5.csv,vizag,VIIRS_NOAA20_SP,2026-02-03,5,2026-09-27T18:17:48Z,200,43,92aa214e5ac901de8113391d947c0bd50f4387712109e483c85b8886905775d3
vizag-VIIRS_NOAA20_SP-2026-02-08-5.csv,vizag,VIIRS_NOAA20_SP,2026-02-08,5,2026-09-27T18:17:51Z,200,49,d96c02dd5f7cdfa909d244be4fb53926884a066d457c97248000b506e30fde93
vizag-VIIRS_NOAA20_SP-2026-02-13-5.csv,vizag,VIIRS_NOAA20_SP,2026-02-13,5,2026-09-27T18:17:53Z,200,44,20595b44dc384d9ee0de625ee4707f58dd6bb55fafefca47259e2fa175dbb103
vizag-VIIRS_NOAA20_SP-2026-02-18-5.csv,vizag,VIIRS_NOAA20_SP,2026-02-18,5,2026-09-27T18:17:56Z,200,66,f58a2bfc3332e9e31a4b3a34103e51a4401baa0b1e6a34fa7fe8763e0975a235
vizag-VIIRS_NOAA20_SP-2026-02-23-5.csv,vizag,VIIRS_NOAA20_SP,2026-02-23,5,2026-09-27T18:17:59Z,200,32,6547cfedeebb6018190b6b04f1aedb1b85a66b3423334cb1707b3eba9878e8fc
vizag-VIIRS_NOAA20_SP-2026-02-28-5.csv,vizag,VIIRS_NOAA20_SP,2026-02-28,5,2026-09-27T18:18:02Z,200,55,abbdd94f9dd804af6dddee2ac9ffd6521dcd7fca1a12a4d54c76e252de7dba70
vizag-VIIRS_NOAA20_SP-2026-03-05-5.csv,vizag,VIIRS_NOAA20_SP,2026-03-05,5,2026-09-27T18:18:05Z,200,87,6beb684f4072907ff411ed10ef87d3b67d133e4f73c8c3b75e7136779da1362e
vizag-VIIRS_NOAA20_SP-2026-03-10-5.csv,vizag,VIIRS_NOAA20_SP,2026-03-10,5,2026-09-27T18:18:07Z,200,86,c93fc98be70e98d0776cb3da8c09a9cd2878c6ec8b71fc812a6717c52bff2f43
vizag-VIIRS_NOAA20_SP-2026-03-15-5.csv,vizag,VIIRS_NOAA20_SP,2026-03-15,5,2026-09-27T18:18:10Z,200,46,138afdc99f681ed822bc478355d9ed4b5bff84f11a3430be255489564bbc1655
vizag-VIIRS_NOAA20_SP-2026-03-20-5.csv,vizag,VIIRS_NOAA20_SP,2026-03-20,5,2026-09-27T18:18:13Z,200,26,12e04dbe071fa89048c462cb1acb68bcaf22f011db730635f8110ac9a27922b8
vizag-VIIRS_NOAA20_SP-2026-03-25-5.csv,vizag,VIIRS_NOAA20_SP,2026-03-25,5,2026-09-27T18:18:16Z,200,36,9a7c72a48e68b5c2a1952950f012a1e1172d309bd5be87f850f550063fd97f06
